system:index,AvGTemp,AvGppt,CWD,Conifer2019,ConiferProb2019,NLCD2016,SAP_SC,SAP_burn,SUID,SolarLoad,aspect,burnSev,eastness,elevation,forestType,landfire2016,latitude_209564535,longitude_209564535,northness,plantedEver,plantedFirst6Yrs,slope,wilderness,.geo
0,12.44875,1235.05,595.5133,1.0,100.0,42.0,0.0,0.22423147,5.05544348E17,130.0,310.86154,4.0,-0.75629276,873.0,551.0,7043.0,,,0.6542334,1.0,0.0,29.64384,0.0,"{""geodesic"":false,""type"":""Point"",""coordinates"":[-123.28064297375953,41.21682399989385]}"
1,12.44875,1235.05,595.5133,1.0,100.0,42.0,0.0018083183,0.24412297,5.05544348E17,130.0,306.95123,3.0,-0.7991476,883.0,551.0,7027.0,,,0.60113484,1.0,0.0,27.096329,0.0,"{""geodesic"":false,""type"":""Point"",""coordinates"":[-123.28028509096725,41.21682487150729]}"
2,12.44875,1235.05,595.5133,1.0,86.0,42.0,0.0036166366,0.2658228,5.05544348E17,94.0,318.45053,3.0,-0.66326636,892.0,551.0,7027.0,,,0.7483834,1.0,1.0,24.42929,0.0,"{""geodesic"":false,""type"":""Point"",""coordinates"":[-123.27992720815926,41.216825742008574]}"
3,12.44875,1235.05,595.5133,1.0,86.0,42.0,0.0072332732,0.2857143,5.05544348E17,94.0,3.900063,3.0,0.06801639,897.0,551.0,7043.0,,,0.9976842,1.0,1.0,32.325157,0.0,"{""geodesic"":false,""type"":""Point"",""coordinates"":[-123.2795693253356,41.21682661139765]}"
4,12.44875,1235.05,602.78,1.0,100.0,42.0,0.016274864,0.32911393,5.05544348E17,141.0,315.86948,4.0,-0.69629544,938.0,551.0,7043.0,,,0.7177553,1.0,1.0,39.84409,0.0,"{""geodesic"":false,""type"":""Point"",""coordinates"":[-123.27670626218391,41.21683352647147]}"
5,12.44875,1235.05,602.78,1.0,100.0,42.0,0.0144665465,0.3254973,5.05544348E17,141.0,318.035,3.0,-0.6686766,951.0,551.0,7030.0,,,0.74355334,1.0,1.0,36.509144,0.0,"{""geodesic"":false,""type"":""Point"",""coordinates"":[-123.27634837921995,41.216834385850845]}"
6,12.44875,1235.05,595.5133,1.0,100.0,42.0,0.0018083183,0.20433997,5.05544348E17,130.0,316.30334,4.0,-0.6908402,859.0,551.0,7043.0,,,0.7230075,1.0,0.0,35.620224,0.0,"{""geodesic"":false,""type"":""Point"",""coordinates"":[-123.28064412882114,41.21709423360893]}"
7,12.44875,1235.05,595.5133,1.0,100.0,42.0,0.005424955,0.22242315,5.05544348E17,130.0,318.4504,4.0,-0.66326797,870.0,551.0,7043.0,,,0.74838203,1.0,0.0,35.519314,0.0,"{""geodesic"":false,""type"":""Point"",""coordinates"":[-123.28028624455591,41.21709510523062]}"
8,12.44875,1235.05,595.5133,0.0,41.000004,42.0,0.009041592,0.24412297,5.05544348E17,94.0,336.7274,4.0,-0.39510623,881.0,551.0,7043.0,,,0.9186354,1.0,0.0,30.927189,0.0,"{""geodesic"":false,""type"":""Point"",""coordinates"":[-123.27992836027505,41.217095975740115]}"
9,12.44875,1235.05,595.5133,0.0,41.000004,42.0,0.012658228,0.2658228,5.05544348E17,94.0,8.402489,4.0,0.146126,878.0,551.0,7043.0,,,0.989266,1.0,0.0,30.501614,0.0,"{""geodesic"":false,""type"":""Point"",""coordinates"":[-123.27957047597847,41.21709684513741]}"
10,12.44875,1235.05,595.5133,0.0,41.000004,42.0,0.0144665465,0.2857143,5.05544348E17,71.0,6.1521306,3.0,0.10716873,877.0,551.0,7043.0,,,0.9942408,1.0,0.0,31.065472,0.0,"{""geodesic"":false,""type"":""Point"",""coordinates"":[-123.27921259166617,41.217097713422504]}"
11,12.44875,1235.05,602.78,1.0,97.0,42.0,0.018083183,0.3254973,5.05544348E17,141.0,312.07132,4.0,-0.7423114,919.0,551.0,7043.0,,,0.67005503,1.0,1.0,35.933323,0.0,"{""geodesic"":false,""type"":""Point"",""coordinates"":[-123.27670740104342,41.2171037602766]}"
12,12.44875,1235.05,602.78,1.0,97.0,42.0,0.018083183,0.32188064,5.05544348E17,141.0,321.97452,4.0,-0.616012,931.0,551.0,7028.0,,,0.78773683,1.0,0.0,34.941635,0.0,"{""geodesic"":false,""type"":""Point"",""coordinates"":[-123.27634951660654,41.2171046196641]}"
13,12.44875,1235.05,602.78,0.0,58.999996,42.0,0.0198915,0.31464738,5.05544348E17,141.0,330.3279,4.0,-0.49503547,939.0,551.0,7028.0,,,0.86887276,1.0,0.0,33.10745,0.0,"{""geodesic"":false,""type"":""Point"",""coordinates"":[-123.27599163215419,41.2171054779394]}"
14,12.44875,1235.05,609.2933,0.0,12.0,21.0,0.03797468,0.30018082,5.05544348E17,136.0,106.30572,4.0,0.9597773,859.0,551.0,7043.0,,,-0.2807625,1.0,1.0,21.978767,0.0,"{""geodesic"":false,""type"":""Point"",""coordinates"":[-123.2727706713894,41.21711315236807]}"
15,12.44875,1235.05,595.5133,1.0,100.0,42.0,0.005424955,0.18625678,5.05544348E17,110.0,327.10764,4.0,-0.5430624,841.0,551.0,7043.0,,,0.83969235,1.0,0.0,35.500034,0.0,"{""geodesic"":false,""type"":""Point"",""coordinates"":[-123.28064528389845,41.217364467311256]}"
16,12.44875,1235.05,595.5133,1.0,100.0,42.0,0.01084991,0.20253165,5.05544348E17,110.0,329.9083,4.0,-0.5013854,850.0,551.0,7043.0,,,0.86522406,1.0,0.0,36.116894,0.0,"{""geodesic"":false,""type"":""Point"",""coordinates"":[-123.28028739816031,41.217365338941185]}"
17,12.44875,1235.05,595.5133,0.0,36.0,42.0,0.0144665465,0.22603978,5.05544348E17,74.0,342.71707,4.0,-0.2970903,858.0,551.0,7043.0,,,0.95484936,1.0,0.0,38.547882,0.0,"{""geodesic"":false,""type"":""Point"",""coordinates"":[-123.27992951240651,41.217366209458916]}"
18,12.44875,1235.05,595.5133,0.0,36.0,42.0,0.016274864,0.24412297,5.05544348E17,74.0,5.991451,4.0,0.10438007,861.0,551.0,7043.0,,,0.9945375,1.0,0.0,31.737368,0.0,"{""geodesic"":false,""type"":""Point"",""coordinates"":[-123.27957162663695,41.21736707886442]}"
19,12.44875,1235.05,595.5133,0.0,39.999996,42.0,0.016274864,0.2585895,5.05544348E17,89.0,14.88943,3.0,0.25695452,858.0,551.0,7043.0,,,0.9664235,1.0,0.0,30.381237,0.0,"{""geodesic"":false,""type"":""Point"",""coordinates"":[-123.27921374085176,41.217367947157726]}"
20,12.44875,1235.05,602.78,0.0,32.0,42.0,0.016274864,0.278481,5.05544348E17,89.0,3.8028834,4.0,0.066324115,854.0,549.0,7043.0,,,0.99779814,1.0,0.0,32.98114,0.0,"{""geodesic"":false,""type"":""Point"",""coordinates"":[-123.27885585505092,41.21736881433882]}"
21,12.44875,1235.05,602.78,0.0,32.0,42.0,0.016274864,0.29475588,5.05544348E17,89.0,358.0477,4.0,-0.034067634,856.0,551.0,7043.0,,,0.9994195,1.0,0.0,32.28018,0.0,"{""geodesic"":false,""type"":""Point"",""coordinates"":[-123.27849796923445,41.21736968040772]}"
22,12.44875,1235.05,602.78,1.0,99.0,42.0,0.016274864,0.30379745,5.05544348E17,116.0,338.0579,3.0,-0.37366956,858.0,551.0,7043.0,,,0.9275619,1.0,0.0,29.938269,0.0,"{""geodesic"":false,""type"":""Point"",""coordinates"":[-123.27814008340239,41.21737054536439]}"
23,12.44875,1235.05,602.78,1.0,100.0,42.0,0.018083183,0.31103075,5.05544348E17,116.0,319.48212,4.0,-0.64968526,865.0,551.0,7043.0,,,0.7602033,1.0,1.0,30.804752,0.0,"{""geodesic"":false,""type"":""Point"",""coordinates"":[-123.27778219755471,41.217371409208866]}"
24,12.44875,1235.05,602.78,1.0,100.0,42.0,0.018083183,0.31283906,5.05544348E17,131.0,311.8442,4.0,-0.7449615,876.0,551.0,7043.0,,,0.66710746,1.0,1.0,31.24269,0.0,"{""geodesic"":false,""type"":""Point"",""coordinates"":[-123.27742431169149,41.217372271941116]}"
25,12.44875,1235.05,602.78,1.0,100.0,42.0,0.018083183,0.31464738,5.05544348E17,131.0,303.00934,3.0,-0.83858186,899.0,551.0,7043.0,,,0.54477555,1.0,0.0,29.448065,0.0,"{""geodesic"":false,""type"":""Point"",""coordinates"":[-123.2770664258127,41.21737313356115]}"
26,12.44875,1235.05,602.78,1.0,99.0,42.0,0.018083183,0.3164557,5.05544348E17,138.0,308.4497,4.0,-0.7831544,908.0,552.0,7043.0,,,0.62182724,1.0,0.0,26.317879,0.0,"{""geodesic"":false,""type"":""Point"",""coordinates"":[-123.27670853991842,41.21737399406898]}"
27,12.44875,1235.05,602.78,1.0,99.0,52.0,0.02169982,0.318264,5.05544348E17,138.0,312.59457,4.0,-0.73616123,917.0,551.0,7030.0,,,0.6768062,1.0,0.0,27.753048,0.0,"{""geodesic"":false,""type"":""Point"",""coordinates"":[-123.2763506540086,41.21737485346461]}"
28,12.44875,1235.05,602.78,0.0,6.999999,52.0,0.025316456,0.31283906,5.05544348E17,138.0,319.07452,4.0,-0.65507704,926.0,551.0,7027.0,,,0.7555621,1.0,0.0,26.232718,0.0,"{""geodesic"":false,""type"":""Point"",""coordinates"":[-123.27599276808331,41.217375711748026]}"
29,12.44875,1235.05,609.2933,0.0,31.0,21.0,0.050632913,0.318264,5.05544348E17,159.0,121.432175,4.0,0.8532581,866.0,551.0,7043.0,,,-0.52148885,1.0,1.0,21.97599,0.0,"{""geodesic"":false,""type"":""Point"",""coordinates"":[-123.27277179406204,41.21738338624924]}"
30,12.44875,1235.05,595.5133,1.0,100.0,42.0,0.01084991,0.17359856,5.05544348E17,110.0,327.10764,4.0,-0.5430624,841.0,551.0,7043.0,,,0.83969235,1.0,0.0,35.500034,0.0,"{""geodesic"":false,""type"":""Point"",""coordinates"":[-123.28064643899148,41.21763470100083]}"
31,12.44875,1235.05,595.5133,1.0,95.0,42.0,0.0144665465,0.18625678,5.05544348E17,110.0,329.9083,4.0,-0.5013854,850.0,551.0,7043.0,,,0.86522406,1.0,0.0,36.116894,0.0,"{""geodesic"":false,""type"":""Point"",""coordinates"":[-123.2802885517804,41.217635572639004]}"
32,12.44875,1235.05,595.5133,1.0,88.0,42.0,0.016274864,0.20433997,5.05544348E17,74.0,342.71707,4.0,-0.2970903,858.0,551.0,7043.0,,,0.95484936,1.0,0.0,38.547882,0.0,"{""geodesic"":false,""type"":""Point"",""coordinates"":[-123.27993066455362,41.21763644316495]}"
33,12.44875,1235.05,595.5133,1.0,88.0,42.0,0.016274864,0.22242315,5.05544348E17,74.0,5.991451,4.0,0.10438007,861.0,551.0,7043.0,,,0.9945375,1.0,0.0,31.737368,0.0,"{""geodesic"":false,""type"":""Point"",""coordinates"":[-123.27957277731113,41.21763731257869]}"
34,12.44875,1235.05,595.5133,0.0,62.0,42.0,0.016274864,0.238698,5.05544348E17,89.0,14.88943,4.0,0.25695452,858.0,551.0,7043.0,,,0.9664235,1.0,0.0,30.381237,0.0,"{""geodesic"":false,""type"":""Point"",""coordinates"":[-123.27921489005297,41.2176381808802]}"
35,12.44875,1235.05,602.78,0.0,39.999996,42.0,0.016274864,0.2567812,5.05544348E17,89.0,14.209855,4.0,0.24547413,835.0,551.0,7043.0,,,0.96940315,1.0,0.0,35.04372,0.0,"{""geodesic"":false,""type"":""Point"",""coordinates"":[-123.27885700277918,41.21763904806949]}"
36,12.44875,1235.05,602.78,0.0,39.999996,42.0,0.016274864,0.278481,5.05544348E17,89.0,356.28958,4.0,-0.06471358,834.0,551.0,7043.0,,,0.9979039,1.0,0.0,33.62759,0.0,"{""geodesic"":false,""type"":""Point"",""coordinates"":[-123.27849911548975,41.21763991414657]}"
37,12.44875,1235.05,602.78,1.0,81.0,42.0,0.018083183,0.2875226,5.05544348E17,116.0,331.30344,3.0,-0.480171,840.0,551.0,7028.0,,,0.8771749,1.0,0.0,32.106255,0.0,"{""geodesic"":false,""type"":""Point"",""coordinates"":[-123.27814122818471,41.217640779111406]}"
38,12.44875,1235.05,602.78,0.0,66.0,42.0,0.018083183,0.28933093,5.05544348E17,116.0,316.3031,4.0,-0.6908432,851.0,551.0,7043.0,,,0.7230046,1.0,0.0,35.620335,0.0,"{""geodesic"":false,""type"":""Point"",""coordinates"":[-123.27778334086409,41.217641642964054]}"
39,12.44875,1235.05,602.78,0.0,66.0,42.0,0.018083183,0.2965642,5.05544348E17,131.0,314.1749,4.0,-0.7172161,863.0,551.0,7043.0,,,0.69685084,1.0,0.0,35.758667,0.0,"{""geodesic"":false,""type"":""Point"",""coordinates"":[-123.27742545352793,41.21764250570446]}"
40,12.44875,1235.05,602.78,1.0,98.0,42.0,0.018083183,0.30198914,5.05544348E17,131.0,305.8339,4.0,-0.81071776,887.0,552.0,7043.0,,,0.5854372,1.0,0.0,33.56896,0.0,"{""geodesic"":false,""type"":""Point"",""coordinates"":[-123.27706756617619,41.21764336733265]}"
41,12.44875,1235.05,602.78,1.0,99.0,42.0,0.02169982,0.31103075,5.05544348E17,138.0,304.36542,4.0,-0.8254545,900.0,551.0,7043.0,,,0.5644687,1.0,0.0,29.836763,0.0,"{""geodesic"":false,""type"":""Point"",""coordinates"":[-123.27670967880893,41.21764422784862]}"
42,12.44875,1235.05,602.78,1.0,99.0,52.0,0.027124774,0.3074141,5.05544348E17,138.0,313.23654,4.0,-0.728532,909.0,551.0,7027.0,,,0.68501174,1.0,0.0,25.296707,0.0,"{""geodesic"":false,""type"":""Point"",""coordinates"":[-123.27635179142617,41.21764508725238]}"
43,12.44875,1235.05,602.78,0.0,6.999999,52.0,0.032549728,0.3074141,5.05544348E17,138.0,318.45016,4.0,-0.66327107,916.0,551.0,7027.0,,,0.74837923,1.0,0.0,24.42941,0.0,"{""geodesic"":false,""type"":""Point"",""coordinates"":[-123.27599390402791,41.2176459455439]}"
44,12.44875,1235.05,580.5633,1.0,100.0,42.0,0.0144665465,0.15370706,5.05544348E17,110.0,330.7619,4.0,-0.48843977,822.0,551.0,7043.0,,,0.87259763,1.0,0.0,35.181816,0.0,"{""geodesic"":false,""type"":""Point"",""coordinates"":[-123.28064759410024,41.217904934677634]}"
45,12.44875,1235.05,580.5633,1.0,100.0,42.0,0.016274864,0.1681736,5.05544348E17,110.0,337.75293,4.0,-0.37860104,831.0,551.0,7043.0,,,0.92555994,1.0,0.0,34.29784,0.0,"{""geodesic"":false,""type"":""Point"",""coordinates"":[-123.28028970541618,41.217905806324055]}"
46,12.44875,1235.05,580.5633,1.0,85.0,42.0,0.016274864,0.18264015,5.05544348E17,74.0,345.71765,4.0,-0.24670057,834.0,551.0,7043.0,,,0.9690918,1.0,0.0,38.13514,0.0,"{""geodesic"":false,""type"":""Point"",""coordinates"":[-123.27993181671641,41.21790667685824]}"
47,12.44875,1235.05,580.5633,1.0,85.0,42.0,0.016274864,0.20072332,5.05544348E17,74.0,356.54193,4.0,-0.060317934,840.0,551.0,7043.0,,,0.9981792,1.0,0.0,35.510178,0.0,"{""geodesic"":false,""type"":""Point"",""coordinates"":[-123.27957392800096,41.21790754628019]}"
48,12.44875,1235.05,580.5633,0.0,37.0,42.0,0.016274864,0.2188065,5.05544348E17,89.0,8.993252,4.0,0.15631813,842.0,551.0,7043.0,,,0.9877068,1.0,0.0,34.54152,0.0,"{""geodesic"":false,""type"":""Point"",""coordinates"":[-123.27921603926985,41.21790841458992]}"
49,12.44875,1235.05,586.2033,0.0,38.0,42.0,0.016274864,0.23688969,5.05544348E17,89.0,14.209855,4.0,0.24547413,835.0,551.0,7043.0,,,0.96940315,1.0,0.0,35.04372,0.0,"{""geodesic"":false,""type"":""Point"",""coordinates"":[-123.27885815052306,41.217909281787406]}"
50,12.44875,1235.05,586.2033,0.0,38.0,42.0,0.018083183,0.25497288,5.05544348E17,89.0,356.28958,4.0,-0.06471358,834.0,551.0,7028.0,,,0.9979039,1.0,0.0,33.62759,0.0,"{""geodesic"":false,""type"":""Point"",""coordinates"":[-123.27850026176066,41.21791014787267]}"
51,12.44875,1235.05,586.2033,0.0,45.0,42.0,0.018083183,0.26401445,5.05544348E17,116.0,331.30344,4.0,-0.480171,840.0,559.0,7028.0,,,0.8771749,1.0,0.0,32.106255,0.0,"{""geodesic"":false,""type"":""Point"",""coordinates"":[-123.27814237298264,41.21791101284569]}"
52,12.44875,1235.05,586.2033,0.0,61.0,42.0,0.018083183,0.27305606,5.05544348E17,116.0,316.3031,4.0,-0.6908432,851.0,559.0,7043.0,,,0.7230046,1.0,0.0,35.620335,0.0,"{""geodesic"":false,""type"":""Point"",""coordinates"":[-123.27778448418904,41.21791187670649]}"
53,12.44875,1235.05,586.2033,0.0,61.0,42.0,0.018083183,0.278481,5.05544348E17,131.0,314.1749,4.0,-0.7172161,863.0,559.0,7043.0,,,0.69685084,1.0,0.0,35.758667,0.0,"{""geodesic"":false,""type"":""Point"",""coordinates"":[-123.27742659537991,41.217912739455045]}"
54,12.44875,1235.05,586.2033,1.0,99.0,42.0,0.02169982,0.29113925,5.05544348E17,131.0,305.8339,4.0,-0.81071776,887.0,559.0,7043.0,,,0.5854372,1.0,0.0,33.56896,0.0,"{""geodesic"":false,""type"":""Point"",""coordinates"":[-123.27706870655518,41.21791360109138]}"
55,12.44875,1235.05,586.2033,1.0,98.0,42.0,0.027124774,0.2965642,5.05544348E17,138.0,304.36542,4.0,-0.8254545,900.0,559.0,7043.0,,,0.5644687,1.0,0.0,29.836763,0.0,"{""geodesic"":false,""type"":""Point"",""coordinates"":[-123.27671081771497,41.21791446161549]}"
56,12.44875,1235.05,602.78,1.0,98.0,42.0,0.032549728,0.29294756,5.05544348E17,138.0,313.23654,4.0,-0.728532,909.0,552.0,7043.0,,,0.68501174,1.0,0.0,25.296707,0.0,"{""geodesic"":false,""type"":""Point"",""coordinates"":[-123.27635292885918,41.21791532102736]}"
57,12.44875,1235.05,602.78,1.0,99.0,52.0,0.03797468,0.30198914,5.05544348E17,138.0,318.45016,4.0,-0.66327107,916.0,551.0,7043.0,,,0.74837923,1.0,0.0,24.42941,0.0,"{""geodesic"":false,""type"":""Point"",""coordinates"":[-123.27599503998798,41.217916179327]}"
58,12.44875,1235.05,609.2933,1.0,96.0,42.0,0.045207955,0.31283906,5.05544348E17,134.0,317.71024,3.0,-0.6728805,921.0,552.0,7043.0,,,0.7397512,1.0,0.0,22.576159,0.0,"{""geodesic"":false,""type"":""Point"",""coordinates"":[-123.27563715110126,41.217917036514415]}"
59,12.44875,1235.05,580.5633,0.0,36.0,42.0,0.016274864,0.13200723,5.05544348E17,76.0,337.32394,4.0,-0.38552034,803.0,551.0,7028.0,,,0.92269933,1.0,1.0,31.551485,0.0,"{""geodesic"":false,""type"":""Point"",""coordinates"":[-123.28064874922475,41.21817516834171]}"
60,12.44875,1235.05,580.5633,1.0,99.0,42.0,0.016274864,0.1482821,5.05544348E17,76.0,344.74625,4.0,-0.26309443,811.0,551.0,7043.0,,,0.9647701,1.0,0.0,33.199802,0.0,"{""geodesic"":false,""type"":""Point"",""coordinates"":[-123.28029085906766,41.218176039996365]}"
61,12.44875,1235.05,580.5633,0.0,42.0,42.0,0.016274864,0.16274865,5.05544348E17,66.0,352.0338,4.0,-0.13858862,811.0,551.0,7043.0,,,0.99035,1.0,0.0,31.845621,0.0,"{""geodesic"":false,""type"":""Point"",""coordinates"":[-123.27993296889491,41.21817691053877]}"
62,12.44875,1235.05,580.5633,0.0,42.0,42.0,0.016274864,0.17540687,5.05544348E17,66.0,358.26938,4.0,-0.030200327,817.0,551.0,7043.0,,,0.99954385,1.0,0.0,35.473175,0.0,"{""geodesic"":false,""type"":""Point"",""coordinates"":[-123.27957507870647,41.218177779968954]}"
63,12.44875,1235.05,580.5633,0.0,39.0,42.0,0.016274864,0.19529837,5.05544348E17,144.0,8.049826,3.0,0.1400342,816.0,551.0,7043.0,,,0.99014664,1.0,0.0,37.538548,0.0,"{""geodesic"":false,""type"":""Point"",""coordinates"":[-123.27921718850233,41.218178648286866]}"
64,12.44875,1235.05,586.2033,0.0,39.999996,42.0,0.018083183,0.21157324,5.05544348E17,144.0,1.7306144,3.0,0.030200327,812.0,551.0,7043.0,,,0.99954385,1.0,0.0,35.473175,0.0,"{""geodesic"":false,""type"":""Point"",""coordinates"":[-123.27885929828258,41.21817951549257]}"
65,12.44875,1235.05,586.2033,0.0,39.999996,42.0,0.018083183,0.2278481,5.05544348E17,144.0,348.44092,4.0,-0.2003782,815.0,551.0,7028.0,,,0.9797186,1.0,0.0,32.797417,0.0,"{""geodesic"":false,""type"":""Point"",""coordinates"":[-123.27850140804719,41.218180381586]}"
66,12.44875,1235.05,586.2033,0.0,42.0,42.0,0.018083183,0.24593128,5.05544348E17,155.0,326.3876,4.0,-0.55357176,824.0,559.0,7043.0,,,0.83280146,1.0,0.0,30.247826,0.0,"{""geodesic"":false,""type"":""Point"",""coordinates"":[-123.27814351779617,41.218181246567205]}"
67,12.44875,1235.05,586.2033,1.0,83.0,42.0,0.018083183,0.25497288,5.05544348E17,155.0,317.99457,4.0,-0.6692009,833.0,559.0,7043.0,,,0.7430815,1.0,0.0,34.03211,0.0,"{""geodesic"":false,""type"":""Point"",""coordinates"":[-123.27778562752958,41.21818211043618]}"
68,12.44875,1235.05,586.2033,1.0,83.0,42.0,0.02169982,0.2658228,5.05544348E17,115.0,307.92114,4.0,-0.7888572,845.0,559.0,7028.0,,,0.61457646,1.0,0.0,37.374466,0.0,"{""geodesic"":false,""type"":""Point"",""coordinates"":[-123.27742773724742,41.218182973192896]}"
69,12.44875,1235.05,586.2033,1.0,98.0,42.0,0.027124774,0.2766727,5.05544348E17,115.0,305.9176,4.0,-0.80986136,875.0,559.0,7028.0,,,0.5866213,1.0,0.0,35.65823,0.0,"{""geodesic"":false,""type"":""Point"",""coordinates"":[-123.2770698469497,41.21818383483738]}"
70,12.44875,1235.05,586.2033,1.0,100.0,42.0,0.032549728,0.278481,5.05544348E17,104.0,313.7519,4.0,-0.72234124,888.0,559.0,7043.0,,,0.6915368,1.0,0.0,33.242245,0.0,"{""geodesic"":false,""type"":""Point"",""coordinates"":[-123.27671195663649,41.218184695369615]}"
71,12.44875,1235.05,586.2033,1.0,100.0,42.0,0.03797468,0.2875226,5.05544348E17,104.0,320.06924,4.0,-0.64186156,897.0,552.0,7043.0,,,0.76682055,1.0,0.0,29.68213,0.0,"{""geodesic"":false,""type"":""Point"",""coordinates"":[-123.27635406630772,41.21818555478961]}"
72,12.44875,1235.05,586.2033,0.0,80.0,42.0,0.047016274,0.2983725,5.05544348E17,104.0,320.06924,4.0,-0.64186156,905.0,552.0,7043.0,,,0.76682055,1.0,0.0,29.68213,0.0,"{""geodesic"":false,""type"":""Point"",""coordinates"":[-123.27599617596351,41.218186413097364]}"
73,12.44875,1235.05,604.61,1.0,100.0,42.0,0.056057867,0.30922243,5.05544348E17,117.0,317.71024,4.0,-0.6728805,921.0,551.0,7043.0,,,0.7397512,1.0,0.0,22.576159,0.0,"{""geodesic"":false,""type"":""Point"",""coordinates"":[-123.2756382856038,41.21818727029287]}"
74,12.44875,1235.05,604.61,1.0,100.0,42.0,0.065099455,0.318264,5.05544348E17,117.0,317.57343,4.0,-0.674645,927.0,551.0,7043.0,,,0.7381424,1.0,0.0,19.335293,0.0,"{""geodesic"":false,""type"":""Point"",""coordinates"":[-123.27528039522863,41.218188126376134]}"
75,12.44875,1235.05,604.61,1.0,99.0,42.0,0.07414105,0.32368898,5.05544348E17,146.0,328.4676,4.0,-0.5229806,932.0,551.0,7043.0,,,0.8523446,1.0,0.0,13.868772,0.0,"{""geodesic"":false,""type"":""Point"",""coordinates"":[-123.27492250483807,41.21818898134717]}"
76,12.44875,1235.05,580.5633,1.0,100.0,42.0,0.016274864,0.121157326,5.05544348E17,76.0,342.08014,4.0,-0.30768642,792.0,551.0,7028.0,,,0.95148784,1.0,0.0,32.189808,0.0,"{""geodesic"":false,""type"":""Point"",""coordinates"":[-123.28029201273489,41.21844627365594]}"
77,12.44875,1235.05,580.5633,0.0,41.000004,42.0,0.016274864,0.13743219,5.05544348E17,66.0,346.41144,4.0,-0.23494783,796.0,551.0,7027.0,,,0.972008,1.0,0.0,28.792328,0.0,"{""geodesic"":false,""type"":""Point"",""coordinates"":[-123.27993412108911,41.21844714420657]}"
78,12.44875,1235.05,580.5633,0.0,41.000004,42.0,0.016274864,0.15189873,5.05544348E17,66.0,6.152234,4.0,0.10717052,796.0,551.0,7043.0,,,0.99424064,1.0,0.0,31.065475,0.0,"{""geodesic"":false,""type"":""Point"",""coordinates"":[-123.27957622942765,41.218448013644974]}"
79,12.44875,1235.05,580.5633,0.0,39.0,42.0,0.016274864,0.1681736,5.05544348E17,144.0,9.672505,4.0,0.16801636,795.0,551.0,7043.0,,,0.98578423,1.0,0.0,32.636604,0.0,"{""geodesic"":false,""type"":""Point"",""coordinates"":[-123.2792183377505,41.218448881971106]}"
80,12.44875,1235.05,586.2033,0.0,37.0,42.0,0.018083183,0.18625678,5.05544348E17,144.0,-0.0,4.0,-0.0,791.0,551.0,7043.0,,,1.0,1.0,0.0,29.534676,0.0,"{""geodesic"":false,""type"":""Point"",""coordinates"":[-123.2788604460577,41.21844974918499]}"
81,12.44875,1235.05,586.2033,0.0,37.0,42.0,0.018083183,0.20614828,5.05544348E17,144.0,337.32385,4.0,-0.38552174,795.0,551.0,7043.0,,,0.92269874,1.0,0.0,31.5515,0.0,"{""geodesic"":false,""type"":""Point"",""coordinates"":[-123.2785025543493,41.21845061528662]}"
82,12.44875,1235.05,586.2033,0.0,39.0,42.0,0.018083183,0.2278481,5.05544348E17,155.0,316.25314,3.0,-0.6914736,810.0,559.0,7043.0,,,0.72240174,1.0,0.0,29.25784,0.0,"{""geodesic"":false,""type"":""Point"",""coordinates"":[-123.2781446626253,41.218451480276]}"
83,12.44875,1235.05,586.2033,1.0,100.0,42.0,0.0198915,0.24231465,5.05544348E17,155.0,302.081,4.0,-0.8472981,820.0,559.0,7043.0,,,0.5311176,1.0,0.0,31.365395,0.0,"{""geodesic"":false,""type"":""Point"",""coordinates"":[-123.27778677088568,41.21845234415313]}"
84,12.44875,1235.05,586.2033,1.0,100.0,42.0,0.025316456,0.25497288,5.05544348E17,115.0,297.04086,4.0,-0.89068246,834.0,559.0,7043.0,,,0.4546259,1.0,0.0,34.079494,0.0,"{""geodesic"":false,""type"":""Point"",""coordinates"":[-123.27742887913048,41.218453206918014]}"
85,12.44875,1235.05,586.2033,1.0,100.0,42.0,0.03074141,0.26039782,5.05544348E17,115.0,309.17618,4.0,-0.7752073,861.0,559.0,7043.0,,,0.63170695,1.0,0.0,33.673996,0.0,"{""geodesic"":false,""type"":""Point"",""coordinates"":[-123.27707098735978,41.21845406857064]}"
86,12.44875,1235.05,586.2033,1.0,100.0,42.0,0.039783,0.2676311,5.05544348E17,104.0,317.0588,4.0,-0.68124753,872.0,559.0,7043.0,,,0.73205316,1.0,0.0,33.5597,0.0,"{""geodesic"":false,""type"":""Point"",""coordinates"":[-123.2767130955735,41.218454929111005]}"
87,12.44875,1235.05,586.2033,1.0,100.0,42.0,0.047016274,0.28209764,5.05544348E17,104.0,321.09122,4.0,-0.6280825,882.0,559.0,7043.0,,,0.77814674,1.0,0.0,30.22009,0.0,"{""geodesic"":false,""type"":""Point"",""coordinates"":[-123.27635520377176,41.218455788539124]}"
88,12.44875,1235.05,586.2033,0.0,78.0,42.0,0.057866186,0.2983725,5.05544348E17,104.0,320.47186,4.0,-0.63645697,889.0,552.0,7043.0,,,0.77131224,1.0,0.0,31.326035,0.0,"{""geodesic"":false,""type"":""Point"",""coordinates"":[-123.27599731195448,41.218456646854996]}"
89,12.44875,1235.05,604.61,1.0,100.0,42.0,0.068716094,0.3074141,5.05544348E17,117.0,319.48175,4.0,-0.64969003,911.0,552.0,7043.0,,,0.76019925,1.0,0.0,30.804888,0.0,"{""geodesic"":false,""type"":""Point"",""coordinates"":[-123.2756394201218,41.21845750405861]}"
90,12.44875,1235.05,604.61,1.0,100.0,42.0,0.079566,0.32368898,5.05544348E17,117.0,323.3331,4.0,-0.5971619,918.0,551.0,7043.0,,,0.80212075,1.0,0.0,26.772331,0.0,"{""geodesic"":false,""type"":""Point"",""coordinates"":[-123.27528152827362,41.21845836014997]}"
91,12.44875,1235.05,604.61,1.0,100.0,42.0,0.088607594,0.33092225,5.05544348E17,146.0,331.01672,4.0,-0.4845544,925.0,551.0,7043.0,,,0.8747611,1.0,0.0,23.947378,0.0,"{""geodesic"":false,""type"":""Point"",""coordinates"":[-123.27492363641001,41.21845921512908]}"
92,12.44875,1235.05,580.5633,1.0,100.0,42.0,0.016274864,0.0994575,5.05544348E17,76.0,342.13657,4.0,-0.30674925,774.0,551.0,7027.0,,,0.9517904,1.0,1.0,29.303507,0.0,"{""geodesic"":false,""type"":""Point"",""coordinates"":[-123.28029316641785,41.218716507302744]}"
93,12.44875,1235.05,580.5633,1.0,100.0,42.0,0.016274864,0.11211573,5.05544348E17,66.0,347.83417,3.0,-0.21074194,778.0,551.0,7043.0,,,0.97754174,1.0,0.0,31.49613,0.0,"{""geodesic"":false,""type"":""Point"",""coordinates"":[-123.27993527329897,41.218717377861616]}"
94,12.44875,1235.05,580.5633,1.0,100.0,42.0,0.016274864,0.12658228,5.05544348E17,66.0,6.500889,4.0,0.11321862,780.0,551.0,7043.0,,,0.9935701,1.0,0.0,29.693455,0.0,"{""geodesic"":false,""type"":""Point"",""coordinates"":[-123.2795773801645,41.21871824730822]}"
95,12.44875,1235.05,580.5633,0.0,33.999996,42.0,0.018083183,0.14285715,5.05544348E17,144.0,7.104382,4.0,0.12367737,777.0,551.0,7028.0,,,0.9923225,1.0,0.0,27.5653,0.0,"{""geodesic"":false,""type"":""Point"",""coordinates"":[-123.27921948701433,41.21871911564256]}"
96,12.44875,1235.05,586.2033,0.0,39.0,42.0,0.018083183,0.16094032,5.05544348E17,144.0,351.59732,4.0,-0.14612904,777.0,551.0,7043.0,,,0.98926556,1.0,0.0,23.836437,0.0,"{""geodesic"":false,""type"":""Point"",""coordinates"":[-123.27886159384852,41.21871998286465]}"
97,12.44875,1235.05,586.2033,0.0,39.0,42.0,0.018083183,0.18444847,5.05544348E17,144.0,329.6745,4.0,-0.5049119,780.0,551.0,7043.0,,,0.86317086,1.0,0.0,25.119347,0.0,"{""geodesic"":false,""type"":""Point"",""coordinates"":[-123.27850370066702,41.21872084897446]}"
98,12.44875,1235.05,586.2033,0.0,41.000004,42.0,0.018083183,0.21157324,5.05544348E17,155.0,301.03787,4.0,-0.8568266,799.0,551.0,7043.0,,,0.5156046,1.0,0.0,32.12529,0.0,"{""geodesic"":false,""type"":""Point"",""coordinates"":[-123.27814580746998,41.21872171397202]}"
99,12.44875,1235.05,586.2033,1.0,100.0,42.0,0.025316456,0.22603978,5.05544348E17,155.0,295.34262,4.0,-0.9037645,813.0,559.0,7043.0,,,0.42803007,1.0,0.0,32.73806,0.0,"{""geodesic"":false,""type"":""Point"",""coordinates"":[-123.27778791425735,41.21872257785732]}"
100,12.44875,1235.05,586.2033,1.0,100.0,42.0,0.03074141,0.24050634,5.05544348E17,115.0,302.28668,4.0,-0.8453859,826.0,559.0,7043.0,,,0.534156,1.0,0.0,32.473156,0.0,"{""geodesic"":false,""type"":""Point"",""coordinates"":[-123.27743002102912,41.218723440630356]}"
101,12.44875,1235.05,586.2033,1.0,100.0,42.0,0.03797468,0.25497288,5.05544348E17,115.0,317.48386,4.0,-0.67579794,849.0,559.0,7043.0,,,0.73708695,1.0,0.0,32.492767,0.0,"{""geodesic"":false,""type"":""Point"",""coordinates"":[-123.27707212778535,41.218724302291136]}"
102,12.44875,1235.05,586.2033,0.0,45.0,42.0,0.047016274,0.2676311,5.05544348E17,104.0,316.48102,4.0,-0.6885948,858.0,559.0,7043.0,,,0.7251463,1.0,0.0,32.00772,0.0,"{""geodesic"":false,""type"":""Point"",""coordinates"":[-123.27671423452607,41.21872516283963]}"
103,12.44875,1235.05,586.2033,0.0,45.0,42.0,0.0596745,0.2875226,5.05544348E17,104.0,321.42206,4.0,-0.6235786,869.0,559.0,7043.0,,,0.78176063,1.0,0.0,31.84873,0.0,"{""geodesic"":false,""type"":""Point"",""coordinates"":[-123.27635634125126,41.218726022275874]}"
104,12.44875,1235.05,586.2033,1.0,83.0,42.0,0.07594936,0.3074141,5.05544348E17,104.0,337.57983,4.0,-0.381396,876.0,559.0,7043.0,,,0.9244118,1.0,0.0,26.922892,0.0,"{""geodesic"":false,""type"":""Point"",""coordinates"":[-123.27599844796094,41.21872688059987]}"
105,12.44875,1235.05,604.61,1.0,100.0,42.0,0.09222423,0.32188064,5.05544348E17,117.0,317.64737,4.0,-0.67369163,893.0,559.0,7043.0,,,0.73901254,1.0,0.0,37.475967,0.0,"{""geodesic"":false,""type"":""Point"",""coordinates"":[-123.27564055465521,41.218727737811584]}"
106,12.44875,1235.05,604.61,1.0,100.0,42.0,0.10488246,0.33273056,5.05544348E17,117.0,326.3874,4.0,-0.55357504,902.0,559.0,7043.0,,,0.8327993,1.0,0.0,30.24789,0.0,"{""geodesic"":false,""type"":""Point"",""coordinates"":[-123.27528266133399,41.21872859391104]}"
107,12.44875,1235.05,604.61,1.0,100.0,42.0,0.11211573,0.34358048,5.05544348E17,146.0,334.1995,4.0,-0.43523908,908.0,559.0,7043.0,,,0.9003149,1.0,0.0,30.68252,0.0,"{""geodesic"":false,""type"":""Point"",""coordinates"":[-123.27492476799736,41.218729448898216]}"
108,12.44875,1235.05,604.61,1.0,100.0,42.0,0.11754069,0.35443038,5.05544348E17,146.0,317.80988,4.0,-0.671593,921.0,551.0,7043.0,,,0.74092025,1.0,0.0,25.671747,0.0,"{""geodesic"":false,""type"":""Point"",""coordinates"":[-123.27456687464532,41.21873030277315]}"
109,12.44875,1235.05,604.61,1.0,100.0,42.0,0.12296564,0.358047,5.05544348E17,182.0,322.77695,4.0,-0.60491943,929.0,551.0,7043.0,,,0.7962867,1.0,0.0,15.886726,0.0,"{""geodesic"":false,""type"":""Point"",""coordinates"":[-123.2742089812779,41.21873115553581]}"
110,12.44875,1235.05,580.5633,1.0,99.0,42.0,0.016274864,0.08679928,5.05544348E17,85.0,355.6557,3.0,-0.075749606,759.0,551.0,7027.0,,,0.9971269,1.0,0.0,29.605433,0.0,"{""geodesic"":false,""type"":""Point"",""coordinates"":[-123.27993642552457,41.2189876115039]}"
111,12.44875,1235.05,580.5633,1.0,99.0,42.0,0.016274864,0.101265825,5.05544348E17,85.0,355.8897,3.0,-0.071676664,761.0,551.0,7043.0,,,0.99742794,1.0,0.0,30.98448,0.0,"{""geodesic"":false,""type"":""Point"",""coordinates"":[-123.27957853091702,41.218988480958735]}"
112,12.44875,1235.05,580.5633,0.0,41.000004,42.0,0.018083183,0.11392405,5.05544348E17,85.0,352.42728,4.0,-0.13178429,763.0,551.0,7028.0,,,0.9912784,1.0,0.0,26.100506,0.0,"{""geodesic"":false,""type"":""Point"",""coordinates"":[-123.27922063629376,41.21898934930128]}"
113,12.44875,1235.05,586.2033,1.0,85.0,42.0,0.018083183,0.13200723,5.05544348E17,138.0,339.58258,4.0,-0.3488568,764.0,551.0,7043.0,,,0.93717605,1.0,0.0,23.355803,0.0,"{""geodesic"":false,""type"":""Point"",""coordinates"":[-123.27886274165489,41.218990216531566]}"
114,12.44875,1235.05,586.2033,1.0,85.0,42.0,0.0198915,0.159132,5.05544348E17,138.0,318.4497,4.0,-0.6632774,770.0,551.0,7043.0,,,0.7483736,1.0,0.0,24.429573,0.0,"{""geodesic"":false,""type"":""Point"",""coordinates"":[-123.27850484700039,41.21899108264958]}"
115,12.44875,1235.05,586.2033,0.0,41.000004,42.0,0.02169982,0.19168174,5.05544348E17,131.0,299.7553,4.0,-0.86815274,790.0,551.0,7043.0,,,0.49629712,1.0,0.0,31.787523,0.0,"{""geodesic"":false,""type"":""Point"",""coordinates"":[-123.27814695233026,41.21899194765531]}"
116,12.44875,1235.05,586.2033,1.0,100.0,42.0,0.028933093,0.21518987,5.05544348E17,131.0,309.26965,4.0,-0.77417564,803.0,559.0,7043.0,,,0.6329708,1.0,0.0,32.593094,0.0,"{""geodesic"":false,""type"":""Point"",""coordinates"":[-123.27778905764455,41.21899281154877]}"
117,12.44875,1235.05,586.2033,1.0,100.0,42.0,0.039783,0.23508137,5.05544348E17,96.0,319.38025,4.0,-0.6510359,813.0,559.0,7043.0,,,0.759047,1.0,0.0,33.469475,0.0,"{""geodesic"":false,""type"":""Point"",""coordinates"":[-123.27743116294329,41.21899367432996]}"
118,12.44875,1235.05,586.2033,1.0,81.0,42.0,0.054249547,0.26039782,5.05544348E17,96.0,322.96378,4.0,-0.6023198,832.0,559.0,7043.0,,,0.7982549,1.0,0.0,36.88167,0.0,"{""geodesic"":false,""type"":""Point"",""coordinates"":[-123.27707326822647,41.21899453599888]}"
119,12.44875,1235.05,586.2033,1.0,91.0,42.0,0.068716094,0.278481,5.05544348E17,113.0,321.97382,4.0,-0.6160217,844.0,559.0,7043.0,,,0.7877292,1.0,0.0,34.941895,0.0,"{""geodesic"":false,""type"":""Point"",""coordinates"":[-123.27671537349411,41.21899539655551]}"
120,12.44875,1235.05,586.2033,1.0,91.0,42.0,0.084990956,0.30018082,5.05544348E17,113.0,330.7615,4.0,-0.4884461,852.0,559.0,7043.0,,,0.87259406,1.0,0.0,35.181927,0.0,"{""geodesic"":false,""type"":""Point"",""coordinates"":[-123.27635747874623,41.21899625599988]}"
121,12.44875,1235.05,586.2033,1.0,100.0,42.0,0.10307414,0.32007232,5.05544348E17,113.0,327.8,4.0,-0.5328763,860.0,559.0,7043.0,,,0.84619313,1.0,0.0,36.015064,0.0,"{""geodesic"":false,""type"":""Point"",""coordinates"":[-123.2759995839829,41.218997114331984]}"
122,12.44875,1235.05,604.61,1.0,100.0,42.0,0.11754069,0.3381555,5.05544348E17,111.0,320.47165,4.0,-0.6364602,876.0,559.0,7043.0,,,0.77130955,1.0,0.0,31.326122,0.0,"{""geodesic"":false,""type"":""Point"",""coordinates"":[-123.2756416892041,41.21899797155179]}"
123,12.44875,1235.05,604.61,1.0,100.0,42.0,0.1283906,0.34900543,5.05544348E17,111.0,325.54358,4.0,-0.5657791,888.0,559.0,7043.0,,,0.8245569,1.0,0.0,31.32447,0.0,"{""geodesic"":false,""type"":""Point"",""coordinates"":[-123.2752837944098,41.21899882765934]}"
124,12.44875,1235.05,604.61,1.0,100.0,42.0,0.13562387,0.358047,5.05544348E17,111.0,336.09967,3.0,-0.40514687,892.0,559.0,7043.0,,,0.9142516,1.0,0.0,27.976393,0.0,"{""geodesic"":false,""type"":""Point"",""coordinates"":[-123.27492589960012,41.218999682654626]}"
125,12.44875,1235.05,604.61,1.0,100.0,42.0,0.14285715,0.37070525,5.05544348E17,111.0,317.37415,4.0,-0.67720795,908.0,551.0,7043.0,,,0.7357917,1.0,0.0,29.770096,0.0,"{""geodesic"":false,""type"":""Point"",""coordinates"":[-123.27456800477502,41.21900053653761]}"
126,12.44875,1235.05,604.61,1.0,100.0,42.0,0.15009041,0.37432188,5.05544348E17,141.0,320.27686,3.0,-0.63907856,916.0,551.0,7043.0,,,0.7691415,1.0,0.0,26.79912,0.0,"{""geodesic"":false,""type"":""Point"",""coordinates"":[-123.27421010993451,41.21900138930834]}"
127,12.44875,1235.05,580.5633,0.0,39.0,42.0,0.016274864,0.07052441,5.05544348E17,85.0,339.49893,4.0,-0.35022485,743.0,551.0,7043.0,,,0.93666565,1.0,0.0,28.944118,0.0,"{""geodesic"":false,""type"":""Point"",""coordinates"":[-123.27957968168519,41.219258714596485]}"
128,12.44875,1235.05,580.5633,0.0,50.0,42.0,0.018083183,0.08679928,5.05544348E17,85.0,338.25626,3.0,-0.37045604,747.0,551.0,7043.0,,,0.92885,1.0,0.0,27.602037,0.0,"{""geodesic"":false,""type"":""Point"",""coordinates"":[-123.27922178558889,41.219259582947245]}"
129,12.44875,1235.05,586.2033,1.0,100.0,42.0,0.0198915,0.11030742,5.05544348E17,138.0,327.45673,3.0,-0.53793657,752.0,551.0,7043.0,,,0.84298533,1.0,0.0,25.644392,0.0,"{""geodesic"":false,""type"":""Point"",""coordinates"":[-123.27886388947692,41.21926045018572]}"
130,12.44875,1235.05,586.2033,1.0,100.0,42.0,0.023508137,0.13743219,5.05544348E17,138.0,318.4496,3.0,-0.663279,759.0,551.0,7043.0,,,0.7483722,1.0,0.0,27.435423,0.0,"{""geodesic"":false,""type"":""Point"",""coordinates"":[-123.27850599334934,41.21926131631192]}"
131,12.44875,1235.05,586.2033,1.0,91.0,42.0,0.03074141,0.1681736,5.05544348E17,131.0,314.35846,3.0,-0.7149798,780.0,551.0,7043.0,,,0.6991451,1.0,0.0,31.047743,0.0,"{""geodesic"":false,""type"":""Point"",""coordinates"":[-123.27814809720614,41.219262181325824]}"
132,12.44875,1235.05,586.2033,1.0,100.0,42.0,0.039783,0.20614828,5.05544348E17,131.0,328.85574,4.0,-0.5171945,788.0,551.0,7043.0,,,0.8558679,1.0,0.0,31.970661,0.0,"{""geodesic"":false,""type"":""Point"",""coordinates"":[-123.27779020104735,41.219263045227464]}"
133,12.44875,1235.05,586.2033,1.0,100.0,42.0,0.056057867,0.23688969,5.05544348E17,96.0,328.0698,4.0,-0.52888566,795.0,559.0,7043.0,,,0.8486931,1.0,0.0,31.39824,0.0,"{""geodesic"":false,""type"":""Point"",""coordinates"":[-123.27743230487299,41.2192639080168]}"
134,12.44875,1235.05,586.2033,0.0,45.999996,42.0,0.07414105,0.26401445,5.05544348E17,96.0,322.20612,4.0,-0.6128227,812.0,559.0,7043.0,,,0.7902204,1.0,0.0,36.407467,0.0,"{""geodesic"":false,""type"":""Point"",""coordinates"":[-123.2770744086831,41.21926476969387]}"
135,12.44875,1235.05,586.2033,1.0,100.0,42.0,0.09222423,0.28933093,5.05544348E17,113.0,327.72818,4.0,-0.53393656,824.0,559.0,7043.0,,,0.84552455,1.0,0.0,37.44524,0.0,"{""geodesic"":false,""type"":""Point"",""coordinates"":[-123.27671651247766,41.21926563025864]}"
136,12.44875,1235.05,586.2033,1.0,100.0,42.0,0.11030742,0.31464738,5.05544348E17,113.0,334.48785,4.0,-0.43070266,831.0,551.0,7043.0,,,0.9024939,1.0,0.0,34.974007,0.0,"{""geodesic"":false,""type"":""Point"",""coordinates"":[-123.27635861625672,41.21926648971114]}"
137,12.44875,1235.05,586.2033,1.0,100.0,42.0,0.13019891,0.33453888,5.05544348E17,113.0,325.67914,4.0,-0.5638266,838.0,551.0,7043.0,,,0.82589316,1.0,0.0,35.950066,0.0,"{""geodesic"":false,""type"":""Point"",""coordinates"":[-123.2760007200203,41.219267348051346]}"
138,12.44875,1235.05,604.61,1.0,88.0,42.0,0.14466546,0.35262206,5.05544348E17,111.0,319.76846,4.0,-0.64587796,864.0,551.0,7043.0,,,0.76344067,1.0,0.0,34.98134,0.0,"{""geodesic"":false,""type"":""Point"",""coordinates"":[-123.27564282376841,41.21926820527927]}"
139,12.44875,1235.05,604.61,1.0,88.0,42.0,0.15551537,0.35985532,5.05544348E17,111.0,333.2961,4.0,-0.44937962,871.0,559.0,7043.0,,,0.8933409,1.0,0.0,33.84019,0.0,"{""geodesic"":false,""type"":""Point"",""coordinates"":[-123.27528492750106,41.219269061394904]}"
140,12.44875,1235.05,604.61,1.0,100.0,42.0,0.16455697,0.37251356,5.05544348E17,111.0,328.0698,4.0,-0.52888566,878.0,559.0,7043.0,,,0.8486931,1.0,0.0,31.39824,0.0,"{""geodesic"":false,""type"":""Point"",""coordinates"":[-123.27492703121828,41.21926991639826]}"
141,12.44875,1235.05,604.61,1.0,100.0,42.0,0.17179024,0.3851718,5.05544348E17,111.0,316.90762,3.0,-0.68317676,895.0,551.0,7043.0,,,0.7302531,1.0,0.0,30.90129,0.0,"{""geodesic"":false,""type"":""Point"",""coordinates"":[-123.27456913492011,41.21927077028933]}"
142,12.44875,1235.05,604.61,1.0,100.0,42.0,0.17721519,0.39783,5.05544348E17,141.0,315.0837,4.0,-0.70607305,905.0,551.0,7043.0,,,0.708139,1.0,0.0,28.750505,0.0,"{""geodesic"":false,""type"":""Point"",""coordinates"":[-123.27421123860654,41.21927162306812]}"
143,12.44875,1235.05,604.61,1.0,100.0,42.0,0.1790235,0.40867993,5.05544348E17,141.0,313.23593,3.0,-0.7285393,913.0,551.0,7043.0,,,0.68500406,1.0,0.0,25.296957,0.0,"{""geodesic"":false,""type"":""Point"",""coordinates"":[-123.27385334227759,41.21927247473461]}"
144,12.44875,1235.05,580.5633,0.0,1.9999981,42.0,0.016274864,0.047016274,5.05544348E17,85.0,53.04983,3.0,0.79915863,732.0,549.0,7030.0,,,0.6011202,1.0,1.0,20.656984,0.0,"{""geodesic"":false,""type"":""Point"",""coordinates"":[-123.27993873002279,41.21952807875023]}"
145,12.44875,1235.05,580.5633,0.0,39.999996,42.0,0.02169982,0.065099455,5.05544348E17,85.0,333.78488,3.0,-0.4417424,733.0,551.0,7043.0,,,0.89714193,1.0,0.0,25.974428,0.0,"{""geodesic"":false,""type"":""Point"",""coordinates"":[-123.27922293489964,41.219529816580454]}"
146,12.44875,1235.05,586.2033,1.0,100.0,42.0,0.025316456,0.088607594,5.05544348E17,138.0,328.31528,3.0,-0.5252447,739.0,551.0,7043.0,,,0.85095125,1.0,0.0,28.041912,0.0,"{""geodesic"":false,""type"":""Point"",""coordinates"":[-123.27886503731456,41.21953068382714]}"
147,12.44875,1235.05,586.2033,1.0,100.0,42.0,0.03074141,0.119349,5.05544348E17,138.0,326.38705,3.0,-0.5535799,746.0,551.0,7043.0,,,0.83279604,1.0,0.0,28.557684,0.0,"{""geodesic"":false,""type"":""Point"",""coordinates"":[-123.2785071397139,41.21953154996152]}"
148,12.44875,1235.05,586.2033,1.0,100.0,42.0,0.04159132,0.15189873,5.05544348E17,131.0,327.14835,3.0,-0.54246557,764.0,551.0,7043.0,,,0.84007806,1.0,0.0,33.996822,0.0,"{""geodesic"":false,""type"":""Point"",""coordinates"":[-123.27814924209763,41.21953241498361]}"
149,12.44875,1235.05,586.2033,1.0,100.0,42.0,0.056057867,0.19529837,5.05544348E17,131.0,325.59402,3.0,-0.56505316,770.0,551.0,7043.0,,,0.8250545,1.0,0.0,32.92177,0.0,"{""geodesic"":false,""type"":""Point"",""coordinates"":[-123.27779134446571,41.219533278893394]}"
150,12.44875,1235.05,586.2033,1.0,100.0,42.0,0.07594936,0.23146474,5.05544348E17,96.0,322.7766,3.0,-0.6049243,781.0,551.0,7043.0,,,0.79628295,1.0,0.0,29.649256,0.0,"{""geodesic"":false,""type"":""Point"",""coordinates"":[-123.27743344681826,41.2195341416909]}"
151,12.44875,1235.05,586.2033,0.0,41.000004,42.0,0.09584087,0.26401445,5.05544348E17,96.0,318.44946,4.0,-0.66328055,796.0,551.0,7043.0,,,0.7483708,1.0,0.0,30.28614,0.0,"{""geodesic"":false,""type"":""Point"",""coordinates"":[-123.27707554915527,41.2195350033761]}"
152,12.44875,1235.05,586.2033,1.0,100.0,42.0,0.11573237,0.29475588,5.05544348E17,113.0,325.59402,3.0,-0.56505316,804.0,551.0,7043.0,,,0.8250545,1.0,0.0,32.92177,0.0,"{""geodesic"":false,""type"":""Point"",""coordinates"":[-123.27671765147674,41.21953586394903]}"
153,12.44875,1235.05,586.2033,1.0,100.0,42.0,0.13562387,0.32188064,5.05544348E17,113.0,322.56808,3.0,-0.60781807,813.0,551.0,7043.0,,,0.7940763,1.0,0.0,33.92978,0.0,"{""geodesic"":false,""type"":""Point"",""coordinates"":[-123.2763597537827,41.21953672340963]}"
154,12.44875,1235.05,586.2033,1.0,100.0,42.0,0.15551537,0.3453888,5.05544348E17,113.0,317.05832,3.0,-0.68125373,823.0,551.0,7043.0,,,0.7320474,1.0,0.0,33.55991,0.0,"{""geodesic"":false,""type"":""Point"",""coordinates"":[-123.2760018560732,41.21953758175796]}"
155,12.44875,1235.05,604.61,1.0,99.0,42.0,0.16998191,0.36708862,5.05544348E17,111.0,329.25778,3.0,-0.5111763,843.0,551.0,7043.0,,,0.8594759,1.0,0.0,35.591667,0.0,"{""geodesic"":false,""type"":""Point"",""coordinates"":[-123.2756439583482,41.21953843899398]}"
156,12.44875,1235.05,604.61,1.0,99.0,42.0,0.18444847,0.3779385,5.05544348E17,111.0,330.53287,3.0,-0.49192426,851.0,559.0,7043.0,,,0.870638,1.0,0.0,36.638916,0.0,"{""geodesic"":false,""type"":""Point"",""coordinates"":[-123.27528606060774,41.219539295117706]}"
157,12.44875,1235.05,604.61,1.0,100.0,42.0,0.19529837,0.38878843,5.05544348E17,111.0,323.55106,3.0,-0.59410614,860.0,559.0,7043.0,,,0.8043867,1.0,0.0,35.92247,0.0,"{""geodesic"":false,""type"":""Point"",""coordinates"":[-123.27492816285186,41.219540150129156]}"
158,12.44875,1235.05,604.61,1.0,100.0,42.0,0.20253165,0.40144664,5.05544348E17,111.0,317.05832,3.0,-0.68125373,881.0,559.0,7043.0,,,0.7320474,1.0,0.0,33.55991,0.0,"{""geodesic"":false,""type"":""Point"",""coordinates"":[-123.27457026508058,41.219541004028294]}"
159,12.44875,1235.05,604.61,1.0,100.0,42.0,0.20614828,0.41229656,5.05544348E17,141.0,313.75128,4.0,-0.7223486,892.0,551.0,7027.0,,,0.69152915,1.0,0.0,33.242535,0.0,"{""geodesic"":false,""type"":""Point"",""coordinates"":[-123.27421236729391,41.21954185681514]}"
160,12.44875,1235.05,604.61,1.0,100.0,42.0,0.20976491,0.43218806,5.05544348E17,141.0,301.60934,4.0,-0.85164136,903.0,552.0,7027.0,,,0.524125,1.0,0.0,29.07125,0.0,"{""geodesic"":false,""type"":""Point"",""coordinates"":[-123.27385446949188,41.219542708489676]}"
161,12.44875,1235.05,580.5633,0.0,6.0,42.0,0.027124774,0.050632913,5.05544348E17,137.0,346.1691,3.0,-0.239057,720.0,551.0,7043.0,,,0.97100556,1.0,0.0,24.233501,0.0,"{""geodesic"":false,""type"":""Point"",""coordinates"":[-123.27922408422604,41.21980005020093]}"
162,12.44875,1235.05,586.2033,1.0,100.0,42.0,0.032549728,0.068716094,5.05544348E17,106.0,331.55872,3.0,-0.47625798,724.0,551.0,7043.0,,,0.8793056,1.0,0.0,26.430246,0.0,"{""geodesic"":false,""type"":""Point"",""coordinates"":[-123.27886618516786,41.2198009174558]}"
163,12.44875,1235.05,586.2033,1.0,100.0,42.0,0.04159132,0.0994575,5.05544348E17,106.0,327.37637,3.0,-0.5391181,731.0,551.0,7043.0,,,0.8422302,1.0,0.0,27.426758,0.0,"{""geodesic"":false,""type"":""Point"",""coordinates"":[-123.27850828609407,41.21980178359838]}"
164,12.44875,1235.05,586.2033,1.0,99.0,42.0,0.056057867,0.1392405,5.05544348E17,105.0,326.38693,3.0,-0.55358154,745.0,551.0,7043.0,,,0.83279496,1.0,0.0,34.982937,0.0,"{""geodesic"":false,""type"":""Point"",""coordinates"":[-123.27815038700466,41.219802648628644]}"
165,12.44875,1235.05,586.2033,1.0,86.0,42.0,0.09764919,0.22603978,5.05544348E17,126.0,319.29672,3.0,-0.6521418,767.0,551.0,7043.0,,,0.758097,1.0,0.0,35.979935,0.0,"{""geodesic"":false,""type"":""Point"",""coordinates"":[-123.27743458877909,41.219804375352254]}"
166,12.44875,1235.05,586.2033,1.0,100.0,42.0,0.119349,0.26401445,5.05544348E17,126.0,325.41968,3.0,-0.5675609,785.0,551.0,7043.0,,,0.8233314,1.0,0.0,27.961832,0.0,"{""geodesic"":false,""type"":""Point"",""coordinates"":[-123.27707668964298,41.21980523704561]}"
167,12.44875,1235.05,586.2033,1.0,100.0,42.0,0.14104882,0.30018082,5.05544348E17,102.0,328.3152,3.0,-0.5252463,791.0,551.0,7043.0,,,0.85095024,1.0,0.0,28.04194,0.0,"{""geodesic"":false,""type"":""Point"",""coordinates"":[-123.2767187904913,41.21980609762665]}"
168,12.44875,1235.05,586.2033,1.0,85.0,42.0,0.18264015,0.35443038,5.05544348E17,102.0,318.8968,3.0,-0.6574176,808.0,551.0,7043.0,,,0.75352645,1.0,0.0,34.50642,0.0,"{""geodesic"":false,""type"":""Point"",""coordinates"":[-123.27600299214153,41.21980781545184]}"
169,12.44875,1235.05,604.61,1.0,100.0,42.0,0.19710669,0.3761302,5.05544348E17,129.0,333.50165,3.0,-0.4461719,826.0,551.0,7043.0,,,0.8949473,1.0,0.0,30.062891,0.0,"{""geodesic"":false,""type"":""Point"",""coordinates"":[-123.27564509294339,41.21980867269597]}"
170,12.44875,1235.05,604.61,1.0,100.0,42.0,0.21338156,0.38698012,5.05544348E17,129.0,326.38693,3.0,-0.55358154,831.0,551.0,7043.0,,,0.83279496,1.0,0.0,31.882118,0.0,"{""geodesic"":false,""type"":""Point"",""coordinates"":[-123.27528719372982,41.21980952882778]}"
171,12.44875,1235.05,604.61,1.0,100.0,42.0,0.22603978,0.39963832,5.05544348E17,161.0,313.4833,3.0,-0.72557485,842.0,551.0,7043.0,,,0.68814325,1.0,0.0,34.301468,0.0,"{""geodesic"":false,""type"":""Point"",""coordinates"":[-123.27492929450084,41.21981038384731]}"
172,12.44875,1235.05,604.61,1.0,100.0,42.0,0.23146474,0.41229656,5.05544348E17,161.0,310.3745,3.0,-0.7618267,865.0,551.0,7043.0,,,0.64778095,1.0,0.0,33.01295,0.0,"{""geodesic"":false,""type"":""Point"",""coordinates"":[-123.27457139525643,41.219811237754506]}"
173,12.44875,1235.05,604.61,1.0,100.0,42.0,0.23688969,0.43037975,5.05544348E17,164.0,297.76822,3.0,-0.8848395,877.0,552.0,7043.0,,,0.465896,1.0,0.0,36.11653,0.0,"{""geodesic"":false,""type"":""Point"",""coordinates"":[-123.27421349599665,41.21981209054942]}"
174,12.44875,1235.05,604.61,1.0,100.0,42.0,0.25316456,0.4755877,5.05544348E17,149.0,290.611,3.0,-0.93599206,908.0,551.0,7027.0,,,0.35202107,1.0,0.0,28.890915,0.0,"{""geodesic"":false,""type"":""Point"",""coordinates"":[-123.273497697431,41.21981379280233]}"
175,12.44875,1235.05,604.61,1.0,100.0,52.0,0.25316456,0.517179,5.05544348E17,149.0,107.86758,3.0,0.9517682,920.0,552.0,7043.0,,,-0.30681804,1.0,0.0,8.99419,0.0,"{""geodesic"":false,""type"":""Point"",""coordinates"":[-123.27278189880401,41.219815490605995]}"
176,12.44875,1235.05,586.2033,1.0,84.0,42.0,0.04159132,0.06329114,5.05544348E17,106.0,319.1681,3.0,-0.6538421,712.0,551.0,7043.0,,,0.756631,1.0,0.0,23.165634,0.0,"{""geodesic"":false,""type"":""Point"",""coordinates"":[-123.27886733303679,41.220071151071714]}"
177,12.44875,1235.05,586.2033,1.0,84.0,42.0,0.056057867,0.09041591,5.05544348E17,106.0,325.2536,3.0,-0.56994504,719.0,551.0,7043.0,,,0.8216828,1.0,0.0,24.376104,0.0,"{""geodesic"":false,""type"":""Point"",""coordinates"":[-123.27850943248984,41.22007201722248]}"
178,12.44875,1235.05,586.2033,1.0,100.0,42.0,0.07233273,0.1283906,5.05544348E17,105.0,331.99667,3.0,-0.46952295,728.0,551.0,7043.0,,,0.88292027,1.0,0.0,28.812138,0.0,"{""geodesic"":false,""type"":""Point"",""coordinates"":[-123.27815153192729,41.22007288226091]}"
179,12.44875,1235.05,586.2033,1.0,99.0,42.0,0.09584087,0.17359856,5.05544348E17,105.0,322.56787,3.0,-0.6078213,736.0,551.0,7043.0,,,0.7940738,1.0,0.0,33.929863,0.0,"{""geodesic"":false,""type"":""Point"",""coordinates"":[-123.27779363134918,41.22007374618704]}"
180,12.44875,1235.05,586.2033,1.0,100.0,42.0,0.14466546,0.2567812,5.05544348E17,126.0,327.14813,3.0,-0.54246885,769.0,551.0,7043.0,,,0.8400759,1.0,0.0,33.996887,0.0,"{""geodesic"":false,""type"":""Point"",""coordinates"":[-123.27707783014615,41.220075470702355]}"
181,12.44875,1235.05,586.2033,1.0,100.0,42.0,0.1681736,0.2965642,5.05544348E17,102.0,330.85965,3.0,-0.48695058,776.0,551.0,7043.0,,,0.87342954,1.0,0.0,29.879126,0.0,"{""geodesic"":false,""type"":""Point"",""coordinates"":[-123.2767199295214,41.22007633129154]}"
182,12.44875,1235.05,586.2033,1.0,100.0,42.0,0.19168174,0.32730561,5.05544348E17,102.0,325.48557,3.0,-0.5666138,782.0,551.0,7043.0,,,0.8239835,1.0,0.0,29.671318,0.0,"{""geodesic"":false,""type"":""Point"",""coordinates"":[-123.2763620288811,41.2200771907684]}"
183,12.44875,1235.05,586.2033,0.0,41.000004,42.0,0.20976491,0.358047,5.05544348E17,102.0,317.99374,3.0,-0.66921186,791.0,551.0,7043.0,,,0.7430716,1.0,0.0,34.03246,0.0,"{""geodesic"":false,""type"":""Point"",""coordinates"":[-123.27600412822532,41.22007804913296]}"
184,12.44875,1235.05,604.61,1.0,100.0,42.0,0.22603978,0.3833635,5.05544348E17,129.0,321.76794,3.0,-0.6188478,811.0,551.0,7043.0,,,0.78551096,1.0,0.0,29.092205,0.0,"{""geodesic"":false,""type"":""Point"",""coordinates"":[-123.27564622755405,41.22007890638518]}"
185,12.44875,1235.05,604.61,1.0,100.0,42.0,0.24231465,0.3960217,5.05544348E17,129.0,309.60446,3.0,-0.77046347,819.0,551.0,7043.0,,,0.63748413,1.0,0.0,29.18994,0.0,"{""geodesic"":false,""type"":""Point"",""coordinates"":[-123.27528832686737,41.22007976252509]}"
186,12.44875,1235.05,604.61,1.0,100.0,42.0,0.25497288,0.40687162,5.05544348E17,161.0,304.58636,3.0,-0.8232714,831.0,551.0,7043.0,,,0.567648,1.0,0.0,32.103336,0.0,"{""geodesic"":false,""type"":""Point"",""coordinates"":[-123.27493042616524,41.22008061755271]}"
187,12.44875,1235.05,604.61,1.0,100.0,42.0,0.26039782,0.42676312,5.05544348E17,161.0,294.5454,3.0,-0.9096323,855.0,551.0,7043.0,,,0.41541427,1.0,0.0,33.52257,0.0,"{""geodesic"":false,""type"":""Point"",""coordinates"":[-123.27457252544768,41.220081471467985]}"
188,12.44875,1235.05,604.61,1.0,100.0,42.0,0.2857143,0.517179,5.05544348E17,149.0,333.90433,3.0,-0.43987125,916.0,551.0,7027.0,,,0.89806086,1.0,0.0,18.905293,0.0,"{""geodesic"":false,""type"":""Point"",""coordinates"":[-123.27314092242382,41.220084876005956]}"
189,12.44875,1235.05,604.61,1.0,100.0,42.0,0.28209764,0.53887886,0.0,149.0,352.42715,3.0,-0.1317865,917.0,551.0,7027.0,,,0.9912781,0.0,0.0,9.27465,0.0,"{""geodesic"":false,""type"":""Point"",""coordinates"":[-123.27278302162954,41.220085724359656]}"
190,12.44875,1235.05,536.3067,0.0,38.0,42.0,0.016274864,0.009041592,5.05544348E17,139.0,79.35016,4.0,0.982775,744.0,551.0,7043.0,,,0.18480635,1.0,1.0,14.723283,0.0,"{""geodesic"":false,""type"":""Point"",""coordinates"":[-123.28065799078698,41.22033703719527]}"
191,12.44875,1235.05,536.3067,0.0,39.0,42.0,0.018083183,0.01084991,5.05544348E17,139.0,90.0,4.0,1.0,738.0,551.0,7043.0,,,6.123234E-17,1.0,1.0,14.480423,0.0,"{""geodesic"":false,""type"":""Point"",""coordinates"":[-123.28030008884521,41.220337908915845]}"
192,12.44875,1235.05,580.2167,1.0,98.0,42.0,0.07052441,0.09222423,5.05544348E17,106.0,334.42386,3.0,-0.43171012,708.0,551.0,7043.0,,,0.9020124,1.0,0.0,24.163727,0.0,"{""geodesic"":false,""type"":""Point"",""coordinates"":[-123.27851057890123,41.22034225083383]}"
193,12.44875,1235.05,580.2167,1.0,98.0,42.0,0.11754069,0.1681736,5.05544348E17,105.0,325.48544,3.0,-0.5666154,722.0,551.0,7043.0,,,0.82398236,1.0,0.0,29.67135,0.0,"{""geodesic"":false,""type"":""Point"",""coordinates"":[-123.27779477481424,41.22034397981475]}"
194,12.44875,1235.05,580.2167,1.0,98.0,42.0,0.14466546,0.2079566,5.05544348E17,126.0,323.90564,3.0,-0.58911693,730.0,551.0,7043.0,,,0.80804783,1.0,0.0,31.841469,0.0,"{""geodesic"":false,""type"":""Point"",""coordinates"":[-123.27743687274737,41.22034484263671]}"
195,12.44875,1235.05,580.2167,1.0,100.0,42.0,0.16998191,0.25135624,5.05544348E17,126.0,322.20563,3.0,-0.6128292,750.0,551.0,7043.0,,,0.7902154,1.0,0.0,36.407642,0.0,"{""geodesic"":false,""type"":""Point"",""coordinates"":[-123.27707897066495,41.22034570434635]}"
196,12.44875,1235.05,586.2033,1.0,100.0,42.0,0.19529837,0.2965642,5.05544348E17,102.0,321.71347,3.0,-0.61959434,760.0,551.0,7043.0,,,0.7849222,1.0,0.0,33.42278,0.0,"{""geodesic"":false,""type"":""Point"",""coordinates"":[-123.27672106856701,41.220346564943675]}"
197,12.44875,1235.05,586.2033,1.0,100.0,42.0,0.22061484,0.33273056,5.05544348E17,102.0,319.00067,3.0,-0.6560502,769.0,551.0,7043.0,,,0.75471723,1.0,0.0,29.147032,0.0,"{""geodesic"":false,""type"":""Point"",""coordinates"":[-123.27636316645355,41.22034742442867]}"
198,12.44875,1235.05,586.2033,0.0,37.0,42.0,0.238698,0.3652803,5.05544348E17,102.0,315.4391,3.0,-0.70166725,777.0,551.0,7043.0,,,0.71250474,1.0,0.0,31.526085,0.0,"{""geodesic"":false,""type"":""Point"",""coordinates"":[-123.27600526432461,41.220348282801325]}"
199,12.44875,1235.05,604.61,1.0,100.0,42.0,0.25316456,0.39240506,5.05544348E17,129.0,316.4803,3.0,-0.68860406,799.0,551.0,7043.0,,,0.72513753,1.0,0.0,32.00803,0.0,"{""geodesic"":false,""type"":""Point"",""coordinates"":[-123.27564736218017,41.220349140061664]}"
200,12.44875,1235.05,604.61,1.0,100.0,42.0,0.27124774,0.41229656,5.05544348E17,129.0,306.94983,3.0,-0.7991623,809.0,551.0,7043.0,,,0.6011153,1.0,0.0,29.489061,0.0,"{""geodesic"":false,""type"":""Point"",""coordinates"":[-123.27528946002033,41.22034999620966]}"
201,12.44875,1235.05,604.61,1.0,100.0,42.0,0.28390595,0.4249548,5.05544348E17,161.0,300.77283,3.0,-0.85920256,820.0,551.0,7028.0,,,0.51163554,1.0,0.0,31.01201,0.0,"{""geodesic"":false,""type"":""Point"",""coordinates"":[-123.274931557845,41.22035085124535]}"
202,12.44875,1235.05,536.3067,0.0,33.0,42.0,0.023508137,0.01084991,5.05544348E17,111.0,41.551033,4.0,0.66328686,737.0,551.0,7043.0,,,0.7483652,1.0,1.0,17.97631,0.0,"{""geodesic"":false,""type"":""Point"",""coordinates"":[-123.28030124263812,41.220608142473395]}"
203,12.44875,1235.05,536.3067,0.0,42.0,42.0,0.03074141,0.016274864,5.05544348E17,105.0,59.417023,3.0,0.8608932,732.0,551.0,7043.0,,,0.50878567,1.0,1.0,19.289093,0.0,"{""geodesic"":false,""type"":""Point"",""coordinates"":[-123.27994333920745,41.22060901308986]}"
204,12.44875,1235.05,536.3067,0.0,42.0,52.0,0.045207955,0.027124774,5.05544348E17,105.0,75.92461,3.0,0.96997654,723.0,551.0,7030.0,,,0.24319851,1.0,1.0,21.770372,0.0,"{""geodesic"":false,""type"":""Point"",""coordinates"":[-123.27958543576116,41.22060988259401]}"
205,12.44875,1235.05,580.2167,0.0,57.0,42.0,0.07233273,0.07233273,5.05544348E17,123.0,44.273186,3.0,0.69808024,697.0,551.0,7043.0,,,0.7160195,1.0,1.0,18.732826,0.0,"{""geodesic"":false,""type"":""Point"",""coordinates"":[-123.27886962882151,41.220611618265295]}"
206,12.44875,1235.05,580.2167,0.0,57.0,42.0,0.09222423,0.101265825,5.05544348E17,123.0,2.8189495,3.0,0.049180105,694.0,551.0,7043.0,,,0.9987899,1.0,0.0,23.634155,0.0,"{""geodesic"":false,""type"":""Point"",""coordinates"":[-123.27851172532822,41.220612484432415]}"
207,12.44875,1235.05,580.2167,1.0,89.0,42.0,0.11573237,0.13562387,5.05544348E17,128.0,332.42227,3.0,-0.46295145,700.0,551.0,7027.0,,,0.88638365,1.0,0.0,27.083202,0.0,"{""geodesic"":false,""type"":""Point"",""coordinates"":[-123.27815382181934,41.22061334948721]}"
208,12.44875,1235.05,580.2167,1.0,100.0,42.0,0.14285715,0.17359856,5.05544348E17,128.0,323.7399,3.0,-0.5914519,707.0,551.0,7027.0,,,0.8063403,1.0,0.0,30.207647,0.0,"{""geodesic"":false,""type"":""Point"",""coordinates"":[-123.27779591829486,41.220614213429684]}"
209,12.44875,1235.05,580.2167,1.0,100.0,42.0,0.16998191,0.21518987,5.05544348E17,131.0,323.00684,3.0,-0.60171986,716.0,551.0,7043.0,,,0.79870725,1.0,0.0,31.300604,0.0,"{""geodesic"":false,""type"":""Point"",""coordinates"":[-123.27743801475482,41.220615076259804]}"
210,12.44875,1235.05,580.2167,1.0,100.0,42.0,0.19710669,0.25497288,5.05544348E17,131.0,320.27615,4.0,-0.63908815,733.0,551.0,7043.0,,,0.76913345,1.0,0.0,33.960125,0.0,"{""geodesic"":false,""type"":""Point"",""coordinates"":[-123.27708011119924,41.22061593797759]}"
211,12.44875,1235.05,580.2167,0.0,54.000004,42.0,0.22242315,0.2965642,5.05544348E17,156.0,313.48294,4.0,-0.7255792,744.0,551.0,7043.0,,,0.68813866,1.0,0.0,34.301647,0.0,"{""geodesic"":false,""type"":""Point"",""coordinates"":[-123.27672220762814,41.220616798583045]}"
212,12.44875,1235.05,580.2167,0.0,54.000004,42.0,0.2477396,0.33996382,5.05544348E17,156.0,310.86,4.0,-0.7563106,756.0,551.0,7043.0,,,0.6542127,1.0,0.0,29.644619,0.0,"{""geodesic"":false,""type"":""Point"",""coordinates"":[-123.27636430404148,41.22061765807616]}"
213,12.44875,1235.05,580.2167,0.0,69.0,42.0,0.2658228,0.3761302,5.05544348E17,156.0,308.371,3.0,-0.7840076,764.0,551.0,7027.0,,,0.62075126,1.0,0.0,27.544481,0.0,"{""geodesic"":false,""type"":""Point"",""coordinates"":[-123.27600640043934,41.22061851645694]}"
214,12.44875,1235.05,594.6,1.0,98.0,42.0,0.28390595,0.40867993,5.05544348E17,185.0,303.18744,4.0,-0.83688444,783.0,551.0,7028.0,,,0.5473796,1.0,0.0,30.602793,0.0,"{""geodesic"":false,""type"":""Point"",""coordinates"":[-123.27564849682176,41.220619373725384]}"
215,12.44875,1235.05,594.6,1.0,98.0,42.0,0.30198914,0.43037975,5.05544348E17,185.0,292.5382,4.0,-0.92362416,798.0,551.0,7043.0,,,0.38329944,1.0,0.0,34.047806,0.0,"{""geodesic"":false,""type"":""Point"",""coordinates"":[-123.2752905931887,41.22062022988149]}"
216,12.44875,1235.05,536.3067,0.0,33.999996,42.0,0.032549728,0.016274864,5.05544348E17,111.0,11.38902,3.0,0.19746947,723.0,551.0,7043.0,,,0.980309,1.0,1.0,28.58714,0.0,"{""geodesic"":false,""type"":""Point"",""coordinates"":[-123.28030239644671,41.2208783760182]}"
217,12.44875,1235.05,536.3067,0.0,56.0,42.0,0.04339964,0.028933093,5.05544348E17,105.0,15.901615,3.0,0.27398634,721.0,551.0,7043.0,,,0.9617336,1.0,1.0,25.234138,0.0,"{""geodesic"":false,""type"":""Point"",""coordinates"":[-123.27994449154289,41.22087924664291]}"
218,12.44875,1235.05,536.3067,0.0,56.0,52.0,0.057866186,0.047016274,5.05544348E17,105.0,39.09242,3.0,0.63057315,717.0,551.0,7043.0,,,0.77612984,1.0,1.0,20.577477,0.0,"{""geodesic"":false,""type"":""Point"",""coordinates"":[-123.27958658662335,41.22088011615527]}"
219,12.44875,1235.05,580.2167,0.0,2.9999971,52.0,0.11030742,0.119349,5.05544348E17,123.0,23.90096,3.0,0.4051569,681.0,551.0,7043.0,,,0.91424716,1.0,0.0,23.022915,0.0,"{""geodesic"":false,""type"":""Point"",""coordinates"":[-123.27851287177083,41.220882718018274]}"
220,12.44875,1235.05,580.2167,0.0,44.0,42.0,0.13743219,0.15189873,5.05544348E17,128.0,328.46652,3.0,-0.5229967,687.0,551.0,7027.0,,,0.8523347,1.0,0.0,26.280115,0.0,"{""geodesic"":false,""type"":""Point"",""coordinates"":[-123.27815496678875,41.220883583081246]}"
221,12.44875,1235.05,580.2167,1.0,83.0,42.0,0.1681736,0.18444847,5.05544348E17,128.0,326.38647,4.0,-0.5535881,693.0,551.0,7043.0,,,0.8327906,1.0,0.0,26.811466,0.0,"{""geodesic"":false,""type"":""Point"",""coordinates"":[-123.27779706179109,41.22088444703187]}"
222,12.44875,1235.05,580.2167,1.0,83.0,42.0,0.198915,0.2278481,5.05544348E17,131.0,322.51157,3.0,-0.60860115,700.0,551.0,7043.0,,,0.7934763,1.0,0.0,27.94273,0.0,"{""geodesic"":false,""type"":""Point"",""coordinates"":[-123.27743915677785,41.22088530987015]}"
223,12.44875,1235.05,580.2167,1.0,99.0,42.0,0.22965641,0.2676311,5.05544348E17,131.0,305.73395,4.0,-0.8117375,718.0,551.0,7043.0,,,0.58402246,1.0,0.0,31.374414,0.0,"{""geodesic"":false,""type"":""Point"",""coordinates"":[-123.27708125174905,41.220886171596085]}"
224,12.44875,1235.05,580.2167,0.0,39.0,42.0,0.25316456,0.31103075,5.05544348E17,156.0,298.2477,4.0,-0.88090956,731.0,551.0,7028.0,,,0.47328463,1.0,0.0,34.374496,0.0,"{""geodesic"":false,""type"":""Point"",""coordinates"":[-123.27672334670473,41.220887032209674]}"
225,12.44875,1235.05,580.2167,0.0,39.0,42.0,0.278481,0.35262206,5.05544348E17,156.0,294.83835,4.0,-0.9074966,746.0,551.0,7028.0,,,0.42005944,1.0,0.0,31.657557,0.0,"{""geodesic"":false,""type"":""Point"",""coordinates"":[-123.2763654416449,41.22088789171091]}"
226,12.44875,1235.05,580.2167,0.0,39.999996,42.0,0.2983725,0.38878843,5.05544348E17,156.0,284.66147,3.0,-0.9674382,757.0,551.0,7043.0,,,0.2531072,1.0,0.0,27.09653,0.0,"{""geodesic"":false,""type"":""Point"",""coordinates"":[-123.27600753656955,41.2208887500998]}"
227,12.44875,1235.05,594.6,1.0,97.0,42.0,0.31464738,0.41952983,5.05544348E17,185.0,270.0,4.0,-1.0,779.0,551.0,7028.0,,,-1.8369701E-16,1.0,0.0,27.31683,0.0,"{""geodesic"":false,""type"":""Point"",""coordinates"":[-123.27564963147876,41.22088960737635]}"
228,12.44875,1235.05,594.6,1.0,97.0,42.0,0.3254973,0.43942133,5.05544348E17,185.0,266.81097,4.0,-0.9984514,793.0,551.0,7028.0,,,-0.055630412,1.0,0.0,30.19836,0.0,"{""geodesic"":false,""type"":""Point"",""coordinates"":[-123.27529172637253,41.22089046354054]}"
229,12.44875,1235.05,594.6,0.0,27.999996,42.0,0.33273056,0.45388788,5.05544348E17,161.0,274.6075,3.0,-0.99676836,806.0,551.0,7028.0,,,0.080329776,1.0,0.0,31.155031,0.0,"{""geodesic"":false,""type"":""Point"",""coordinates"":[-123.27493382125084,41.22089131859239]}"
230,12.44875,1235.05,580.2167,0.0,36.0,42.0,0.15551537,0.1790235,5.05544348E17,128.0,320.90747,4.0,-0.63057476,674.0,551.0,7028.0,,,0.77612853,1.0,0.0,20.577509,0.0,"{""geodesic"":false,""type"":""Point"",""coordinates"":[-123.27815611177375,41.221153816662515]}"
231,12.44875,1235.05,580.2167,0.0,42.0,42.0,0.1880651,0.20976491,5.05544348E17,128.0,306.94946,4.0,-0.79916596,681.0,551.0,7027.0,,,0.6011104,1.0,0.0,23.310074,0.0,"{""geodesic"":false,""type"":""Point"",""coordinates"":[-123.27779820530284,41.221154680621304]}"
232,12.44875,1235.05,580.2167,0.0,42.0,42.0,0.22061484,0.24412297,5.05544348E17,131.0,303.57147,4.0,-0.8331965,690.0,551.0,7043.0,,,0.55297697,1.0,0.0,23.706657,0.0,"{""geodesic"":false,""type"":""Point"",""coordinates"":[-123.27744029881642,41.221155543467745]}"
233,12.44875,1235.05,580.2167,0.0,5.000001,42.0,0.25135624,0.28390595,5.05544348E17,131.0,281.44803,3.0,-0.98010516,711.0,551.0,7043.0,,,0.19847903,1.0,0.0,29.72264,0.0,"{""geodesic"":false,""type"":""Point"",""coordinates"":[-123.2770823923144,41.22115640520182]}"
234,12.44875,1235.05,580.2167,0.0,31.0,42.0,0.28209764,0.32368898,5.05544348E17,156.0,280.29047,4.0,-0.9839148,724.0,551.0,7043.0,,,0.17863838,1.0,0.0,32.387886,0.0,"{""geodesic"":false,""type"":""Point"",""coordinates"":[-123.27672448579685,41.22115726582355]}"
235,12.44875,1235.05,580.2167,0.0,31.0,42.0,0.31283906,0.36889693,5.05544348E17,156.0,281.94473,4.0,-0.9783477,740.0,551.0,7043.0,,,0.20696792,1.0,0.0,35.14268,0.0,"{""geodesic"":false,""type"":""Point"",""coordinates"":[-123.2763665792638,41.22115812533291]}"
236,12.44875,1235.05,580.2167,0.0,32.0,42.0,0.33092225,0.4050633,5.05544348E17,156.0,274.44928,4.0,-0.9969864,756.0,551.0,7043.0,,,0.07757642,1.0,0.0,32.046818,0.0,"{""geodesic"":false,""type"":""Point"",""coordinates"":[-123.27600867271526,41.22115898372992]}"
237,12.44875,1235.05,594.6,1.0,96.0,42.0,0.34358048,0.42676312,5.05544348E17,185.0,264.45654,4.0,-0.99532324,783.0,551.0,7027.0,,,-0.09660057,1.0,0.0,33.83383,0.0,"{""geodesic"":false,""type"":""Point"",""coordinates"":[-123.27565076615123,41.22115984101456]}"
238,12.44875,1235.05,594.6,1.0,96.0,42.0,0.34719712,0.44122967,5.05544348E17,185.0,266.6886,4.0,-0.99833035,800.0,551.0,7043.0,,,-0.05776279,1.0,0.0,29.27025,0.0,"{""geodesic"":false,""type"":""Point"",""coordinates"":[-123.27529285957175,41.22116069718685]}"
239,12.44875,1235.05,594.6,0.0,7.999998,21.0,0.34719712,0.45207956,5.05544348E17,161.0,275.72702,3.0,-0.9950086,809.0,551.0,7043.0,,,0.09978904,1.0,0.0,17.97513,0.0,"{""geodesic"":false,""type"":""Point"",""coordinates"":[-123.27493495297688,41.22116155224679]}"
240,12.44875,1235.05,594.6,1.0,100.0,21.0,0.358047,0.46654612,5.05544348E17,161.0,322.2053,3.0,-0.6128341,824.0,551.0,7043.0,,,0.79021156,1.0,0.0,26.180979,0.0,"{""geodesic"":false,""type"":""Point"",""coordinates"":[-123.27457704636659,41.22116240619436]}"
241,12.44875,1235.05,594.6,1.0,100.0,21.0,0.36708862,0.48643762,0.0,130.0,334.48718,3.0,-0.4307131,829.0,551.0,7043.0,,,0.90248895,0.0,0.0,34.974155,0.0,"{""geodesic"":false,""type"":""Point"",""coordinates"":[-123.2742191397409,41.221163259029574]}"
242,12.44875,1235.05,580.2167,0.0,56.0,42.0,0.17359856,0.20253165,5.05544348E17,166.0,299.4285,4.0,-0.8709695,669.0,551.0,7043.0,,,0.49133715,1.0,0.0,16.515999,0.0,"{""geodesic"":false,""type"":""Point"",""coordinates"":[-123.27815725677438,41.22142405023105]}"
243,12.44875,1235.05,580.2167,0.0,42.0,42.0,0.20614828,0.23688969,5.05544348E17,166.0,290.6105,4.0,-0.93599504,677.0,551.0,7043.0,,,0.3520132,1.0,0.0,20.198069,0.0,"{""geodesic"":false,""type"":""Point"",""coordinates"":[-123.27779934883023,41.22142491419801]}"
244,12.44875,1235.05,580.2167,0.0,42.0,42.0,0.238698,0.2676311,5.05544348E17,169.0,280.15335,3.0,-0.9843395,685.0,551.0,7043.0,,,0.17628324,1.0,0.0,24.661793,0.0,"{""geodesic"":false,""type"":""Point"",""coordinates"":[-123.27744144087052,41.2214257770526]}"
245,12.44875,1235.05,580.2167,1.0,86.0,42.0,0.27305606,0.30379745,5.05544348E17,169.0,270.0,4.0,-1.0,698.0,551.0,7043.0,,,-1.8369701E-16,1.0,0.0,29.229536,0.0,"{""geodesic"":false,""type"":""Point"",""coordinates"":[-123.27708353289526,41.22142663879483]}"
246,12.44875,1235.05,580.2167,1.0,100.0,43.0,0.3056058,0.34177214,5.05544348E17,164.0,270.0,4.0,-1.0,724.0,551.0,7043.0,,,-1.8369701E-16,1.0,0.0,29.229536,0.0,"{""geodesic"":false,""type"":""Point"",""coordinates"":[-123.27672562490447,41.22142749942468]}"
247,12.44875,1235.05,580.2167,0.0,25.0,42.0,0.33273056,0.3761302,5.05544348E17,164.0,274.3015,4.0,-0.99718314,737.0,551.0,7043.0,,,0.075005025,1.0,0.0,32.921745,0.0,"{""geodesic"":false,""type"":""Point"",""coordinates"":[-123.2763677168982,41.22142835894216]}"
248,12.44875,1235.05,580.2167,0.0,54.000004,42.0,0.35262206,0.40687162,5.05544348E17,164.0,276.91718,4.0,-0.99272126,754.0,551.0,7043.0,,,0.12043454,1.0,0.0,33.903343,0.0,"{""geodesic"":false,""type"":""Point"",""coordinates"":[-123.27600980887641,41.2214292173473]}"
249,12.44875,1235.05,594.6,1.0,99.0,42.0,0.36166364,0.4249548,5.05544348E17,160.0,287.0371,4.0,-0.9561151,783.0,551.0,7043.0,,,0.29299116,1.0,0.0,31.289156,0.0,"{""geodesic"":false,""type"":""Point"",""coordinates"":[-123.27565190083916,41.22143007464005]}"
250,12.44875,1235.05,594.6,1.0,99.0,42.0,0.36347198,0.43942133,5.05544348E17,160.0,301.3372,4.0,-0.8541215,795.0,551.0,7028.0,,,0.5200735,1.0,0.0,27.885143,0.0,"{""geodesic"":false,""type"":""Point"",""coordinates"":[-123.27529399278646,41.221430930820446]}"
251,12.44875,1235.05,594.6,0.0,77.0,42.0,0.3652803,0.44846293,5.05544348E17,118.0,312.0695,3.0,-0.74233264,804.0,551.0,7043.0,,,0.6700315,1.0,0.0,23.503012,0.0,"{""geodesic"":false,""type"":""Point"",""coordinates"":[-123.27493608471832,41.22143178588844]}"
252,12.44875,1235.05,594.6,1.0,100.0,42.0,0.36889693,0.4647378,5.05544348E17,118.0,-0.0,3.0,-0.0,811.0,551.0,7043.0,,,1.0,1.0,0.0,19.602388,0.0,"{""geodesic"":false,""type"":""Point"",""coordinates"":[-123.27457817663478,41.22143263984408]}"
253,12.44875,1235.05,594.6,1.0,100.0,42.0,0.37974682,0.48643762,0.0,100.0,338.25558,3.0,-0.3704669,810.0,551.0,7043.0,,,0.92884564,0.0,0.0,27.602148,0.0,"{""geodesic"":false,""type"":""Point"",""coordinates"":[-123.27422026853584,41.22143349268736]}"
254,12.44875,1235.05,536.3067,0.0,36.0,42.0,0.06148282,0.06690778,5.05544348E17,181.0,119.8161,4.0,0.8676258,703.0,551.0,7030.0,,,-0.49721783,1.0,1.0,27.515331,0.0,"{""geodesic"":false,""type"":""Point"",""coordinates"":[-123.28030585796677,41.221689076576105]}"
255,12.44875,1235.05,536.3067,0.0,8.999997,42.0,0.07775769,0.088607594,5.05544348E17,162.0,105.98909,4.0,0.96131414,692.0,551.0,7030.0,,,-0.2754543,1.0,1.0,25.180105,0.0,"{""geodesic"":false,""type"":""Point"",""coordinates"":[-123.27994794864321,41.22168994722551]}"
256,12.44875,1235.05,536.3067,0.0,8.999997,42.0,0.09584087,0.10669078,5.05544348E17,162.0,104.075165,4.0,0.9699775,682.0,551.0,7030.0,,,-0.24319462,1.0,1.0,21.770689,0.0,"{""geodesic"":false,""type"":""Point"",""coordinates"":[-123.27959003930397,41.221690816762525]}"
257,12.44875,1235.05,580.2167,0.0,60.000004,42.0,0.18987341,0.2278481,5.05544348E17,166.0,302.81042,3.0,-0.84046805,665.0,551.0,7043.0,,,0.5418611,1.0,0.0,19.722385,0.0,"{""geodesic"":false,""type"":""Point"",""coordinates"":[-123.27815840179053,41.22169428378682]}"
258,12.44875,1235.05,580.2167,0.0,76.0,42.0,0.22061484,0.2658228,5.05544348E17,166.0,290.6104,4.0,-0.9359955,673.0,551.0,7043.0,,,0.3520119,1.0,0.0,24.696012,0.0,"{""geodesic"":false,""type"":""Point"",""coordinates"":[-123.27780049237312,41.22169514776194]}"
259,12.44875,1235.05,580.2167,0.0,76.0,42.0,0.2567812,0.2965642,5.05544348E17,169.0,273.4435,4.0,-0.9981945,685.0,551.0,7043.0,,,0.060064618,1.0,0.0,28.325193,0.0,"{""geodesic"":false,""type"":""Point"",""coordinates"":[-123.27744258294018,41.22169601062469]}"
260,12.44875,1235.05,580.2167,1.0,100.0,42.0,0.29113925,0.3254973,5.05544348E17,169.0,266.92468,3.0,-0.9985599,698.0,551.0,7043.0,,,-0.053648755,1.0,0.0,31.109821,0.0,"{""geodesic"":false,""type"":""Point"",""coordinates"":[-123.27708467349167,41.22169687237508]}"
261,12.44875,1235.05,580.2167,1.0,100.0,42.0,0.32007232,0.35081375,5.05544348E17,164.0,273.58664,3.0,-0.99804133,724.0,551.0,7043.0,,,0.06255771,1.0,0.0,27.362955,0.0,"{""geodesic"":false,""type"":""Point"",""coordinates"":[-123.27672676402763,41.221697733013066]}"
262,12.44875,1235.05,580.2167,1.0,100.0,42.0,0.34177214,0.38155514,5.05544348E17,164.0,279.48914,3.0,-0.98631686,737.0,551.0,7043.0,,,0.16486083,1.0,0.0,30.504171,0.0,"{""geodesic"":false,""type"":""Point"",""coordinates"":[-123.27636885454807,41.22169859253867]}"
263,12.44875,1235.05,580.2167,1.0,100.0,42.0,0.36166364,0.4050633,5.05544348E17,164.0,283.03085,4.0,-0.97424877,751.0,551.0,7043.0,,,0.22547586,1.0,0.0,29.870924,0.0,"{""geodesic"":false,""type"":""Point"",""coordinates"":[-123.27601094505305,41.22169945095191]}"
264,12.44875,1235.05,594.6,0.0,77.0,42.0,0.37070525,0.42133814,5.05544348E17,160.0,305.54797,3.0,-0.81362885,772.0,551.0,7028.0,,,0.5813846,1.0,0.0,27.88001,0.0,"{""geodesic"":false,""type"":""Point"",""coordinates"":[-123.27565303554252,41.221700308252764]}"
265,12.44875,1235.05,594.6,0.0,77.0,42.0,0.37251356,0.437613,5.05544348E17,160.0,309.73813,3.0,-0.7689742,783.0,551.0,7043.0,,,0.63927984,1.0,0.0,28.00224,0.0,"{""geodesic"":false,""type"":""Point"",""coordinates"":[-123.27529512601654,41.22170116444124]}"
266,12.44875,1235.05,594.6,0.0,39.0,42.0,0.3761302,0.44665462,5.05544348E17,118.0,315.96396,3.0,-0.6951106,791.0,551.0,7043.0,,,0.7189028,1.0,0.0,26.352951,0.0,"{""geodesic"":false,""type"":""Point"",""coordinates"":[-123.27493721647514,41.221702019517345]}"
267,12.44875,1235.05,594.6,0.0,43.0,42.0,0.3851718,0.4629295,5.05544348E17,118.0,-0.0,3.0,-0.0,802.0,551.0,7043.0,,,1.0,1.0,0.0,21.231472,0.0,"{""geodesic"":false,""type"":""Point"",""coordinates"":[-123.27457930691837,41.221702873481064]}"
268,12.44875,1235.05,536.3067,0.0,49.0,42.0,0.088607594,0.10669078,5.05544348E17,162.0,119.4283,4.0,0.87097126,700.0,551.0,7030.0,,,-0.491334,1.0,1.0,30.669565,0.0,"{""geodesic"":false,""type"":""Point"",""coordinates"":[-123.27994910104138,41.221960180727535]}"
269,12.44875,1235.05,536.3067,0.0,49.0,42.0,0.10669078,0.13019891,5.05544348E17,162.0,120.483154,4.0,0.8617784,689.0,551.0,7030.0,,,-0.50728494,1.0,1.0,29.87267,0.0,"{""geodesic"":false,""type"":""Point"",""coordinates"":[-123.27959119022886,41.22196105027279]}"
270,12.44875,1235.05,536.3067,0.0,33.0,42.0,0.1283906,0.15732369,5.05544348E17,162.0,99.28646,4.0,0.9868939,667.0,551.0,7030.0,,,-0.16137058,1.0,1.0,26.63703,0.0,"{""geodesic"":false,""type"":""Point"",""coordinates"":[-123.27923327940067,41.221961918705624]}"
271,12.44875,1235.05,580.2167,0.0,30.000002,52.0,0.20433997,0.25316456,5.05544348E17,166.0,303.76624,3.0,-0.831312,657.0,551.0,7043.0,,,0.55580604,1.0,1.0,24.98541,0.0,"{""geodesic"":false,""type"":""Point"",""coordinates"":[-123.2781595468223,41.221964517329845]}"
272,12.44875,1235.05,580.2167,1.0,100.0,42.0,0.23688969,0.28390595,5.05544348E17,166.0,293.45795,4.0,-0.9173525,667.0,551.0,7043.0,,,0.39807588,1.0,0.0,31.38217,0.0,"{""geodesic"":false,""type"":""Point"",""coordinates"":[-123.27780163593164,41.22196538131315]}"
273,12.44875,1235.05,580.2167,1.0,100.0,42.0,0.26943943,0.3164557,5.05544348E17,169.0,285.29706,4.0,-0.964571,683.0,551.0,7043.0,,,0.26382336,1.0,0.0,36.36423,0.0,"{""geodesic"":false,""type"":""Point"",""coordinates"":[-123.2774437250254,41.22196624418406]}"
274,12.44875,1235.05,580.2167,1.0,100.0,42.0,0.2983725,0.33996382,5.05544348E17,169.0,285.5667,3.0,-0.96331865,700.0,551.0,7043.0,,,0.26836008,1.0,0.0,31.098833,0.0,"{""geodesic"":false,""type"":""Point"",""coordinates"":[-123.2770858141036,41.22196710594257]}"
275,12.44875,1235.05,580.2167,1.0,100.0,42.0,0.3254973,0.3652803,5.05544348E17,164.0,299.816,4.0,-0.86762667,722.0,551.0,7043.0,,,0.49721622,1.0,0.0,27.515406,0.0,"{""geodesic"":false,""type"":""Point"",""coordinates"":[-123.27672790316629,41.22196796658869]}"
276,12.44875,1235.05,580.2167,1.0,100.0,42.0,0.34719712,0.39059675,5.05544348E17,164.0,293.69,3.0,-0.9157326,731.0,551.0,7043.0,,,0.4017882,1.0,0.0,29.425188,0.0,"{""geodesic"":false,""type"":""Point"",""coordinates"":[-123.27636999221346,41.22196882612242]}"
277,12.44875,1235.05,580.2167,1.0,100.0,42.0,0.36889693,0.41048825,5.05544348E17,164.0,295.17828,3.0,-0.9049883,746.0,551.0,7043.0,,,0.42543647,1.0,0.0,29.715431,0.0,"{""geodesic"":false,""type"":""Point"",""coordinates"":[-123.27601208124513,41.22196968454379]}"
278,12.44875,1235.05,594.6,0.0,38.0,42.0,0.3779385,0.42133814,5.05544348E17,160.0,298.9963,3.0,-0.87465084,764.0,551.0,7027.0,,,0.48475343,1.0,0.0,25.056726,0.0,"{""geodesic"":false,""type"":""Point"",""coordinates"":[-123.27565417026133,41.22197054185275]}"
279,12.44875,1235.05,594.6,0.0,38.0,42.0,0.38155514,0.43218806,5.05544348E17,160.0,300.32828,3.0,-0.86314636,774.0,551.0,7027.0,,,0.50495386,1.0,0.0,24.171062,0.0,"{""geodesic"":false,""type"":""Point"",""coordinates"":[-123.27529625926209,41.221971398049305]}"
280,12.44875,1235.05,594.6,0.0,33.999996,42.0,0.3851718,0.44665462,5.05544348E17,118.0,312.79163,3.0,-0.7338292,782.0,551.0,7028.0,,,0.679334,1.0,0.0,20.869955,0.0,"{""geodesic"":false,""type"":""Point"",""coordinates"":[-123.2749383482474,41.221972253133494]}"
281,12.44875,1235.05,536.3067,0.0,31.0,42.0,0.09764919,0.12658228,5.05544348E17,114.0,118.67976,4.0,0.87731576,710.0,551.0,7030.0,,,-0.47991365,1.0,1.0,28.355268,0.0,"{""geodesic"":false,""type"":""Point"",""coordinates"":[-123.27995025345521,41.22223041421682]}"
282,12.44875,1235.05,536.3067,0.0,31.0,42.0,0.11754069,0.15189873,5.05544348E17,114.0,108.311966,4.0,0.9493599,700.0,551.0,7030.0,,,-0.31419078,1.0,1.0,29.5421,0.0,"{""geodesic"":false,""type"":""Point"",""coordinates"":[-123.2795923411694,41.22223128377028]}"
283,12.44875,1235.05,580.2167,0.0,4.000002,52.0,0.21518987,0.27305606,5.05544348E17,131.0,309.1745,3.0,-0.7752257,649.0,551.0,7043.0,,,0.63168436,1.0,1.0,18.425116,0.0,"{""geodesic"":false,""type"":""Point"",""coordinates"":[-123.27816069186966,41.22223475086011]}"
284,12.44875,1235.05,580.2167,1.0,100.0,42.0,0.24593128,0.3056058,5.05544348E17,131.0,299.4282,3.0,-0.87097216,658.0,551.0,7043.0,,,0.4913324,1.0,0.0,30.669645,0.0,"{""geodesic"":false,""type"":""Point"",""coordinates"":[-123.2778027795057,41.222235614851584]}"
285,12.44875,1235.05,580.2167,1.0,100.0,42.0,0.27486438,0.33092225,5.05544348E17,125.0,303.09918,4.0,-0.83772653,673.0,551.0,7043.0,,,0.54609,1.0,0.0,37.62213,0.0,"{""geodesic"":false,""type"":""Point"",""coordinates"":[-123.27744486712615,41.22223647773065]}"
286,12.44875,1235.05,580.2167,1.0,100.0,42.0,0.30198914,0.35443038,5.05544348E17,125.0,310.95395,3.0,-0.7552368,688.0,551.0,7043.0,,,0.6554521,1.0,0.0,36.535236,0.0,"{""geodesic"":false,""type"":""Point"",""coordinates"":[-123.27708695473106,41.222237339497305]}"
287,12.44875,1235.05,580.2167,1.0,100.0,42.0,0.3254973,0.37070525,5.05544348E17,136.0,310.2372,3.0,-0.7633767,708.0,551.0,7043.0,,,0.64595354,1.0,0.0,34.083355,0.0,"{""geodesic"":false,""type"":""Point"",""coordinates"":[-123.27672904232044,41.222238200151565]}"
288,12.44875,1235.05,580.2167,1.0,100.0,42.0,0.37070525,0.40867993,5.05544348E17,136.0,305.83203,3.0,-0.81073666,736.0,551.0,7043.0,,,0.5854111,1.0,0.0,33.570137,0.0,"{""geodesic"":false,""type"":""Point"",""coordinates"":[-123.2760132174527,41.222239918122895]}"
289,12.44875,1235.05,594.6,0.0,64.0,42.0,0.38155514,0.4231465,5.05544348E17,141.0,296.631,3.0,-0.89391184,758.0,551.0,7028.0,,,0.44824278,1.0,0.0,26.820879,0.0,"{""geodesic"":false,""type"":""Point"",""coordinates"":[-123.27565530499561,41.22224077543997]}"
290,12.44875,1235.05,536.3067,0.0,41.000004,42.0,0.10669078,0.14466546,5.05544348E17,114.0,96.35827,4.0,0.99384886,716.0,551.0,7030.0,,,-0.11074512,1.0,1.0,30.314215,0.0,"{""geodesic"":false,""type"":""Point"",""coordinates"":[-123.27995140588479,41.222500647693344]}"
291,12.44875,1235.05,580.2167,1.0,100.0,42.0,0.24954791,0.318264,5.05544348E17,131.0,317.70828,3.0,-0.67290545,649.0,551.0,7043.0,,,0.73972845,1.0,0.0,22.576784,0.0,"{""geodesic"":false,""type"":""Point"",""coordinates"":[-123.27780392309533,41.22250584837726]}"
292,12.44875,1235.05,580.2167,1.0,100.0,42.0,0.27305606,0.34177214,5.05544348E17,125.0,315.08224,4.0,-0.7060911,657.0,551.0,7043.0,,,0.708121,1.0,0.0,32.622692,0.0,"{""geodesic"":false,""type"":""Point"",""coordinates"":[-123.27744600924248,41.22250671126449]}"
293,12.44875,1235.05,580.2167,1.0,100.0,42.0,0.2965642,0.3652803,5.05544348E17,125.0,314.52597,3.0,-0.7129326,670.0,551.0,7043.0,,,0.70123255,1.0,0.0,38.1277,0.0,"{""geodesic"":false,""type"":""Point"",""coordinates"":[-123.27708809537408,41.2225075730393]}"
294,12.44875,1235.05,580.2167,1.0,100.0,42.0,0.32007232,0.3833635,5.05544348E17,136.0,311.44342,3.0,-0.7496098,695.0,551.0,7043.0,,,0.66187996,1.0,0.0,33.438618,0.0,"{""geodesic"":false,""type"":""Point"",""coordinates"":[-123.27673018149012,41.2225084337017]}"
295,12.44875,1235.05,580.2167,1.0,100.0,42.0,0.34358048,0.3960217,5.05544348E17,136.0,305.91577,3.0,-0.8098803,706.0,551.0,7043.0,,,0.5865951,1.0,0.0,35.659443,0.0,"{""geodesic"":false,""type"":""Point"",""coordinates"":[-123.27637226759067,41.22250929325169]}"
296,12.44875,1235.05,538.9967,0.0,35.000004,42.0,0.088607594,0.13562387,5.05544348E17,136.0,75.925064,4.0,0.9699785,728.0,551.0,7043.0,,,0.24319074,1.0,1.0,24.9831,0.0,"{""geodesic"":false,""type"":""Point"",""coordinates"":[-123.28031047354678,41.22277001047482]}"
297,12.44875,1235.05,538.78,1.0,100.0,42.0,0.24593128,0.32188064,5.05544348E17,131.0,323.82446,4.0,-0.5902612,639.0,551.0,7043.0,,,0.8072123,1.0,0.0,21.854654,0.0,"{""geodesic"":false,""type"":""Point"",""coordinates"":[-123.27780506670055,41.2227760818902]}"
298,12.44875,1235.05,538.78,1.0,100.0,42.0,0.2676311,0.3453888,5.05544348E17,125.0,317.80804,4.0,-0.6716165,645.0,551.0,7043.0,,,0.74089897,1.0,0.0,25.67239,0.0,"{""geodesic"":false,""type"":""Point"",""coordinates"":[-123.27744715137435,41.222776944785586]}"
299,12.44875,1235.05,538.78,1.0,100.0,42.0,0.29113925,0.36889693,5.05544348E17,125.0,314.04044,3.0,-0.7188493,654.0,551.0,7043.0,,,0.69516593,1.0,0.0,32.158695,0.0,"{""geodesic"":false,""type"":""Point"",""coordinates"":[-123.27708923603261,41.222777806568544]}"
300,12.44875,1235.05,580.2167,1.0,100.0,42.0,0.31283906,0.38878843,5.05544348E17,136.0,304.19077,3.0,-0.827171,681.0,551.0,7043.0,,,0.5619502,1.0,0.0,38.88894,0.0,"{""geodesic"":false,""type"":""Point"",""coordinates"":[-123.27673132067532,41.222778667239076]}"
301,12.44875,1235.05,538.9967,0.0,2.9999971,42.0,0.088607594,0.15009041,5.05544348E17,115.0,62.37988,4.0,0.8860408,720.0,551.0,7043.0,,,0.46360725,1.0,1.0,29.190865,0.0,"{""geodesic"":false,""type"":""Point"",""coordinates"":[-123.28031162748108,41.2230402439176]}"
302,12.44875,1235.05,538.78,1.0,99.0,42.0,0.24231465,0.32188064,0.0,163.0,331.99554,4.0,-0.46954006,629.0,551.0,7027.0,,,0.88291115,0.0,0.0,20.137524,0.0,"{""geodesic"":false,""type"":""Point"",""coordinates"":[-123.27780621032133,41.223046315390405]}"
303,12.44875,1235.05,538.78,1.0,99.0,42.0,0.26220614,0.34719712,0.0,149.0,317.05673,4.0,-0.6812739,635.0,551.0,7043.0,,,0.7320286,0.0,0.0,23.858442,0.0,"{""geodesic"":false,""type"":""Point"",""coordinates"":[-123.27744829352176,41.22304717829394]}"
304,12.44875,1235.05,538.78,1.0,100.0,42.0,0.28209764,0.36889693,5.05544348E17,149.0,309.88626,3.0,-0.7673191,643.0,551.0,7043.0,,,0.64126545,1.0,0.0,26.78782,0.0,"{""geodesic"":false,""type"":""Point"",""coordinates"":[-123.27709037670665,41.22304804008504]}"
305,12.44875,1235.05,538.78,1.0,100.0,42.0,0.3056058,0.39240506,5.05544348E17,162.0,293.4153,3.0,-0.9176485,667.0,551.0,7043.0,,,0.3973931,1.0,0.0,37.738552,0.0,"{""geodesic"":false,""type"":""Point"",""coordinates"":[-123.276732459876,41.223048900763715]}"
306,12.44875,1235.05,538.78,0.0,33.0,42.0,0.26401445,0.35081375,0.0,149.0,313.61298,3.0,-0.72401565,625.0,552.0,7043.0,,,0.6897835,0.0,0.0,24.03162,0.0,"{""geodesic"":false,""type"":""Point"",""coordinates"":[-123.27744943568477,41.22331741178953]}"
