system:index,AvGTemp,AvGppt,CWD,Conifer2019,ConiferProb2019,NLCD2016,SAP_SC,SAP_burn,SUID,SolarLoad,aspect,burnSev,eastness,elevation,forestType,landfire2016,latitude_209564535,longitude_209564535,northness,plantedEver,plantedFirst6Yrs,slope,wilderness,.geo
0,12.44874954,1235.050011,595.5133057,1,100,42,0,0.2242314647,5.06E+17,130,310.8615453,4,-0.7562927353,873,551,7043,,,0.654233367,1,0,29.64384151,0,"{""geodesic"":false,""type"":""Point"",""coordinates"":[-123.28064297375953,41.21682399989385]}"
1,12.44874954,1235.050011,595.5133057,1,100,42,0.001808318264,0.2441229656,5.06E+17,130,306.9512196,3,-0.7991475928,883,551,7027,,,0.6011348642,1,0,27.09632829,0,"{""geodesic"":false,""type"":""Point"",""coordinates"":[-123.28028509096725,41.21682487150729]}"
2,12.44874954,1235.050011,595.5133057,1,86,42,0.003616636528,0.2658227848,5.06E+17,94,318.4505375,3,-0.6632663628,892,551,7027,,,0.7483834124,1,1,24.42929015,0,"{""geodesic"":false,""type"":""Point"",""coordinates"":[-123.27992720815926,41.216825742008574]}"
3,12.44874954,1235.050011,595.5133057,1,86,42,0.007233273056,0.2857142857,5.06E+17,94,3.900063008,3,0.06801638781,897,551,7043,,,0.997684204,1,1,32.32515664,0,"{""geodesic"":false,""type"":""Point"",""coordinates"":[-123.2795693253356,41.21682661139765]}"
4,12.44874954,1235.050011,602.7800293,1,100,42,0.01627486438,0.3291139241,5.06E+17,141,315.8694647,4,-0.6962954166,938,551,7043,,,0.7177553154,1,1,39.84408999,0,"{""geodesic"":false,""type"":""Point"",""coordinates"":[-123.27670626218391,41.21683352647147]}"
5,12.44874954,1235.050011,602.7800293,1,100,42,0.01446654611,0.3254972875,5.06E+17,141,318.0349929,3,-0.6686766128,951,551,7030,,,0.7435533522,1,1,36.50914413,0,"{""geodesic"":false,""type"":""Point"",""coordinates"":[-123.27634837921995,41.216834385850845]}"
6,12.44874954,1235.050011,595.5133057,1,100,42,0.001808318264,0.2043399638,5.06E+17,130,316.3033471,4,-0.6908401759,859,551,7043,,,0.7230075044,1,0,35.62022505,0,"{""geodesic"":false,""type"":""Point"",""coordinates"":[-123.28064412882114,41.21709423360893]}"
7,12.44874954,1235.050011,595.5133057,1,100,42,0.005424954792,0.2224231465,5.06E+17,130,318.4504167,4,-0.6632679404,870,551,7043,,,0.7483820142,1,0,35.51931447,0,"{""geodesic"":false,""type"":""Point"",""coordinates"":[-123.28028624455591,41.21709510523062]}"
8,12.44874954,1235.050011,595.5133057,0,41.00000381,42,0.00904159132,0.2441229656,5.06E+17,94,336.7274001,4,-0.3951062366,881,551,7043,,,0.9186354346,1,0,30.9271889,0,"{""geodesic"":false,""type"":""Point"",""coordinates"":[-123.27992836027505,41.217095975740115]}"
9,12.44874954,1235.050011,595.5133057,0,41.00000381,42,0.01265822785,0.2658227848,5.06E+17,94,8.40248869,4,0.1461259983,878,551,7043,,,0.9892659868,1,0,30.50161431,0,"{""geodesic"":false,""type"":""Point"",""coordinates"":[-123.27957047597847,41.21709684513741]}"
10,12.44874954,1235.050011,595.5133057,0,41.00000381,42,0.01446654611,0.2857142857,5.06E+17,71,6.15213042,3,0.1071687231,877,551,7043,,,0.9942408485,1,0,31.0654712,0,"{""geodesic"":false,""type"":""Point"",""coordinates"":[-123.27921259166617,41.217097713422504]}"
11,12.44874954,1235.050011,602.7800293,1,97,42,0.01808318264,0.3254972875,5.06E+17,141,312.071312,4,-0.74231143,919,551,7043,,,0.6700550282,1,1,35.93332385,0,"{""geodesic"":false,""type"":""Point"",""coordinates"":[-123.27670740104342,41.2171037602766]}"
12,12.44874954,1235.050011,602.7800293,1,97,42,0.01808318264,0.321880651,5.06E+17,141,321.9745126,4,-0.6160119529,931,551,7028,,,0.787736805,1,0,34.94163334,0,"{""geodesic"":false,""type"":""Point"",""coordinates"":[-123.27634951660654,41.2171046196641]}"
13,12.44874954,1235.050011,602.7800293,0,58.99999619,42,0.0198915009,0.3146473779,5.06E+17,141,330.3279104,4,-0.4950354743,939,551,7028,,,0.8688727635,1,0,33.10744736,0,"{""geodesic"":false,""type"":""Point"",""coordinates"":[-123.27599163215419,41.2171054779394]}"
14,12.44874954,1235.050011,609.2932739,0,12,21,0.03797468354,0.3001808318,5.06E+17,136,106.3057174,4,0.9597772801,859,551,7043,,,-0.2807624844,1,1,21.97876708,0,"{""geodesic"":false,""type"":""Point"",""coordinates"":[-123.2727706713894,41.21711315236807]}"
15,12.44874954,1235.050011,595.5133057,1,100,42,0.005424954792,0.1862567812,5.06E+17,110,327.1076456,4,-0.5430624059,841,551,7043,,,0.8396923385,1,0,35.50003574,0,"{""geodesic"":false,""type"":""Point"",""coordinates"":[-123.28064528389845,41.217364467311256]}"
16,12.44874954,1235.050011,595.5133057,1,100,42,0.01084990958,0.2025316456,5.06E+17,110,329.9083009,4,-0.5013853898,850,551,7043,,,0.8652240697,1,0,36.11689198,0,"{""geodesic"":false,""type"":""Point"",""coordinates"":[-123.28028739816031,41.217365338941185]}"
17,12.44874954,1235.050011,595.5133057,0,36,42,0.01446654611,0.226039783,5.06E+17,74,342.7170768,4,-0.2970902979,858,551,7043,,,0.9548493886,1,0,38.54788205,0,"{""geodesic"":false,""type"":""Point"",""coordinates"":[-123.27992951240651,41.217366209458916]}"
18,12.44874954,1235.050011,595.5133057,0,36,42,0.01627486438,0.2441229656,5.06E+17,74,5.991450884,4,0.1043800693,861,551,7043,,,0.994537481,1,0,31.73736829,0,"{""geodesic"":false,""type"":""Point"",""coordinates"":[-123.27957162663695,41.21736707886442]}"
19,12.44874954,1235.050011,595.5133057,0,39.99999619,42,0.01627486438,0.2585895118,5.06E+17,89,14.88942998,3,0.2569545101,858,551,7043,,,0.9664234992,1,0,30.38123742,0,"{""geodesic"":false,""type"":""Point"",""coordinates"":[-123.27921374085176,41.217367947157726]}"
20,12.44874954,1235.050011,602.7800293,0,32,42,0.01627486438,0.2784810127,5.06E+17,89,3.802883384,4,0.06632411421,854,549,7043,,,0.9977981318,1,0,32.9811401,0,"{""geodesic"":false,""type"":""Point"",""coordinates"":[-123.27885585505092,41.21736881433882]}"
21,12.44874954,1235.050011,602.7800293,0,32,42,0.01627486438,0.294755877,5.06E+17,89,358.0476905,4,-0.03406763553,856,551,7043,,,0.9994195296,1,0,32.28018164,0,"{""geodesic"":false,""type"":""Point"",""coordinates"":[-123.27849796923445,41.21736968040772]}"
22,12.44874954,1235.050011,602.7800293,1,99,42,0.01627486438,0.3037974684,5.06E+17,116,338.0578924,3,-0.373669563,858,551,7043,,,0.9275618889,1,0,29.9382682,0,"{""geodesic"":false,""type"":""Point"",""coordinates"":[-123.27814008340239,41.21737054536439]}"
23,12.44874954,1235.050011,602.7800293,1,100,42,0.01808318264,0.3110307414,5.06E+17,116,319.4821252,4,-0.6496852431,865,551,7043,,,0.7602033182,1,1,30.80475148,0,"{""geodesic"":false,""type"":""Point"",""coordinates"":[-123.27778219755471,41.217371409208866]}"
24,12.44874954,1235.050011,602.7800293,1,100,42,0.01808318264,0.3128390597,5.06E+17,131,311.8442064,4,-0.7449615171,876,551,7043,,,0.6671074412,1,1,31.24268856,0,"{""geodesic"":false,""type"":""Point"",""coordinates"":[-123.27742431169149,41.217372271941116]}"
25,12.44874954,1235.050011,602.7800293,1,100,42,0.01808318264,0.3146473779,5.06E+17,131,303.0093285,3,-0.8385818822,899,551,7043,,,0.5447755748,1,0,29.44806413,0,"{""geodesic"":false,""type"":""Point"",""coordinates"":[-123.2770664258127,41.21737313356115]}"
26,12.44874954,1235.050011,602.7800293,1,99,42,0.01808318264,0.3164556962,5.06E+17,138,308.4496925,4,-0.7831544429,908,552,7043,,,0.6218272418,1,0,26.31787929,0,"{""geodesic"":false,""type"":""Point"",""coordinates"":[-123.27670853991842,41.21737399406898]}"
27,12.44874954,1235.050011,602.7800293,1,99,52,0.02169981917,0.3182640145,5.06E+17,138,312.5945712,4,-0.7361612177,917,551,7030,,,0.6768062216,1,0,27.75304823,0,"{""geodesic"":false,""type"":""Point"",""coordinates"":[-123.2763506540086,41.21737485346461]}"
28,12.44874954,1235.050011,602.7800293,0,6.999999046,52,0.0253164557,0.3128390597,5.06E+17,138,319.07451,4,-0.6550770158,926,551,7027,,,0.7555621108,1,0,26.23271835,0,"{""geodesic"":false,""type"":""Point"",""coordinates"":[-123.27599276808331,41.217375711748026]}"
29,12.44874954,1235.050011,609.2932739,0,31,21,0.05063291139,0.3182640145,5.06E+17,159,121.4321733,4,0.8532581004,866,551,7043,,,-0.5214888437,1,1,21.97599099,0,"{""geodesic"":false,""type"":""Point"",""coordinates"":[-123.27277179406204,41.21738338624924]}"
30,12.44874954,1235.050011,595.5133057,1,100,42,0.01084990958,0.1735985533,5.06E+17,110,327.1076456,4,-0.5430624059,841,551,7043,,,0.8396923385,1,0,35.50003574,0,"{""geodesic"":false,""type"":""Point"",""coordinates"":[-123.28064643899148,41.21763470100083]}"
31,12.44874954,1235.050011,595.5133057,1,95,42,0.01446654611,0.1862567812,5.06E+17,110,329.9083009,4,-0.5013853898,850,551,7043,,,0.8652240697,1,0,36.11689198,0,"{""geodesic"":false,""type"":""Point"",""coordinates"":[-123.2802885517804,41.217635572639004]}"
32,12.44874954,1235.050011,595.5133057,1,88,42,0.01627486438,0.2043399638,5.06E+17,74,342.7170768,4,-0.2970902979,858,551,7043,,,0.9548493886,1,0,38.54788205,0,"{""geodesic"":false,""type"":""Point"",""coordinates"":[-123.27993066455362,41.21763644316495]}"
33,12.44874954,1235.050011,595.5133057,1,88,42,0.01627486438,0.2224231465,5.06E+17,74,5.991450884,4,0.1043800693,861,551,7043,,,0.994537481,1,0,31.73736829,0,"{""geodesic"":false,""type"":""Point"",""coordinates"":[-123.27957277731113,41.21763731257869]}"
34,12.44874954,1235.050011,595.5133057,0,62,42,0.01627486438,0.2386980108,5.06E+17,89,14.88942998,4,0.2569545101,858,551,7043,,,0.9664234992,1,0,30.38123742,0,"{""geodesic"":false,""type"":""Point"",""coordinates"":[-123.27921489005297,41.2176381808802]}"
35,12.44874954,1235.050011,602.7800293,0,39.99999619,42,0.01627486438,0.2567811935,5.06E+17,89,14.20985513,4,0.2454741311,835,551,7043,,,0.9694031416,1,0,35.04372027,0,"{""geodesic"":false,""type"":""Point"",""coordinates"":[-123.27885700277918,41.21763904806949]}"
36,12.44874954,1235.050011,602.7800293,0,39.99999619,42,0.01627486438,0.2784810127,5.06E+17,89,356.2895918,4,-0.06471358535,834,551,7043,,,0.9979038791,1,0,33.62758919,0,"{""geodesic"":false,""type"":""Point"",""coordinates"":[-123.27849911548975,41.21763991414657]}"
37,12.44874954,1235.050011,602.7800293,1,81,42,0.01808318264,0.287522604,5.06E+17,116,331.3034291,3,-0.4801710009,840,551,7028,,,0.8771749027,1,0,32.1062536,0,"{""geodesic"":false,""type"":""Point"",""coordinates"":[-123.27814122818471,41.217640779111406]}"
38,12.44874954,1235.050011,602.7800293,0,66,42,0.01808318264,0.2893309222,5.06E+17,116,316.303104,4,-0.6908432432,851,551,7043,,,0.7230045735,1,0,35.62033501,0,"{""geodesic"":false,""type"":""Point"",""coordinates"":[-123.27778334086409,41.217641642964054]}"
39,12.44874954,1235.050011,602.7800293,0,66,42,0.01808318264,0.2965641953,5.06E+17,131,314.1748914,4,-0.7172160564,863,551,7043,,,0.6968508653,1,0,35.75866663,0,"{""geodesic"":false,""type"":""Point"",""coordinates"":[-123.27742545352793,41.21764250570446]}"
40,12.44874954,1235.050011,602.7800293,1,98,42,0.01808318264,0.3019891501,5.06E+17,131,305.8338817,4,-0.8107177639,887,552,7043,,,0.5854371933,1,0,33.56895685,0,"{""geodesic"":false,""type"":""Point"",""coordinates"":[-123.27706756617619,41.21764336733265]}"
41,12.44874954,1235.050011,602.7800293,1,99,42,0.02169981917,0.3110307414,5.06E+17,138,304.3654027,4,-0.8254544954,900,551,7043,,,0.564468667,1,0,29.8367635,0,"{""geodesic"":false,""type"":""Point"",""coordinates"":[-123.27670967880893,41.21764422784862]}"
42,12.44874954,1235.050011,602.7800293,1,99,52,0.02712477396,0.3074141049,5.06E+17,138,313.2365328,4,-0.7285320002,909,551,7027,,,0.6850117697,1,0,25.29670693,0,"{""geodesic"":false,""type"":""Point"",""coordinates"":[-123.27635179142617,41.21764508725238]}"
43,12.44874954,1235.050011,602.7800293,0,6.999999046,52,0.03254972875,0.3074141049,5.06E+17,138,318.4501751,4,-0.6632710957,916,551,7027,,,0.7483792178,1,0,24.42941107,0,"{""geodesic"":false,""type"":""Point"",""coordinates"":[-123.27599390402791,41.2176459455439]}"
44,12.44874954,1235.050011,580.5632935,1,100,42,0.01446654611,0.1537070524,5.06E+17,110,330.7619163,4,-0.4884397698,822,551,7043,,,0.8725976113,1,0,35.18181761,0,"{""geodesic"":false,""type"":""Point"",""coordinates"":[-123.28064759410024,41.217904934677634]}"
45,12.44874954,1235.050011,580.5632935,1,100,42,0.01627486438,0.1681735986,5.06E+17,110,337.7529448,4,-0.3786010478,831,551,7043,,,0.9255599638,1,0,34.29783934,0,"{""geodesic"":false,""type"":""Point"",""coordinates"":[-123.28028970541618,41.217905806324055]}"
46,12.44874954,1235.050011,580.5632935,1,85,42,0.01627486438,0.1826401447,5.06E+17,74,345.7176453,4,-0.2467005748,834,551,7043,,,0.9690917533,1,0,38.13513979,0,"{""geodesic"":false,""type"":""Point"",""coordinates"":[-123.27993181671641,41.21790667685824]}"
47,12.44874954,1235.050011,580.5632935,1,85,42,0.01627486438,0.2007233273,5.06E+17,74,356.5419379,4,-0.06031793347,840,551,7043,,,0.9981792158,1,0,35.51017905,0,"{""geodesic"":false,""type"":""Point"",""coordinates"":[-123.27957392800096,41.21790754628019]}"
48,12.44874954,1235.050011,580.5632935,0,37,42,0.01627486438,0.2188065099,5.06E+17,89,8.993251486,4,0.1563181303,842,551,7043,,,0.9877067592,1,0,34.54151814,0,"{""geodesic"":false,""type"":""Point"",""coordinates"":[-123.27921603926985,41.21790841458992]}"
49,12.44874954,1235.050011,586.2033081,0,38,42,0.01627486438,0.2368896926,5.06E+17,89,14.20985513,4,0.2454741311,835,551,7043,,,0.9694031416,1,0,35.04372027,0,"{""geodesic"":false,""type"":""Point"",""coordinates"":[-123.27885815052306,41.217909281787406]}"
50,12.44874954,1235.050011,586.2033081,0,38,42,0.01808318264,0.2549728752,5.06E+17,89,356.2895918,4,-0.06471358535,834,551,7028,,,0.9979038791,1,0,33.62758919,0,"{""geodesic"":false,""type"":""Point"",""coordinates"":[-123.27850026176066,41.21791014787267]}"
51,12.44874954,1235.050011,586.2033081,0,45,42,0.01808318264,0.2640144665,5.06E+17,116,331.3034291,4,-0.4801710009,840,559,7028,,,0.8771749027,1,0,32.1062536,0,"{""geodesic"":false,""type"":""Point"",""coordinates"":[-123.27814237298264,41.21791101284569]}"
52,12.44874954,1235.050011,586.2033081,0,61,42,0.01808318264,0.2730560579,5.06E+17,116,316.303104,4,-0.6908432432,851,559,7043,,,0.7230045735,1,0,35.62033501,0,"{""geodesic"":false,""type"":""Point"",""coordinates"":[-123.27778448418904,41.21791187670649]}"
53,12.44874954,1235.050011,586.2033081,0,61,42,0.01808318264,0.2784810127,5.06E+17,131,314.1748914,4,-0.7172160564,863,559,7043,,,0.6968508653,1,0,35.75866663,0,"{""geodesic"":false,""type"":""Point"",""coordinates"":[-123.27742659537991,41.217912739455045]}"
54,12.44874954,1235.050011,586.2033081,1,99,42,0.02169981917,0.2911392405,5.06E+17,131,305.8338817,4,-0.8107177639,887,559,7043,,,0.5854371933,1,0,33.56895685,0,"{""geodesic"":false,""type"":""Point"",""coordinates"":[-123.27706870655518,41.21791360109138]}"
55,12.44874954,1235.050011,586.2033081,1,98,42,0.02712477396,0.2965641953,5.06E+17,138,304.3654027,4,-0.8254544954,900,559,7043,,,0.564468667,1,0,29.8367635,0,"{""geodesic"":false,""type"":""Point"",""coordinates"":[-123.27671081771497,41.21791446161549]}"
56,12.44874954,1235.050011,602.7800293,1,98,42,0.03254972875,0.2929475588,5.06E+17,138,313.2365328,4,-0.7285320002,909,552,7043,,,0.6850117697,1,0,25.29670693,0,"{""geodesic"":false,""type"":""Point"",""coordinates"":[-123.27635292885918,41.21791532102736]}"
57,12.44874954,1235.050011,602.7800293,1,99,52,0.03797468354,0.3019891501,5.06E+17,138,318.4501751,4,-0.6632710957,916,551,7043,,,0.7483792178,1,0,24.42941107,0,"{""geodesic"":false,""type"":""Point"",""coordinates"":[-123.27599503998798,41.217916179327]}"
58,12.44874954,1235.050011,609.2932739,1,96,42,0.0452079566,0.3128390597,5.06E+17,134,317.7102295,3,-0.6728804503,921,552,7043,,,0.7397512417,1,0,22.57615947,0,"{""geodesic"":false,""type"":""Point"",""coordinates"":[-123.27563715110126,41.217917036514415]}"
59,12.44874954,1235.050011,580.5632935,0,36,42,0.01627486438,0.1320072333,5.06E+17,76,337.3239521,4,-0.3855203474,803,551,7028,,,0.9226993344,1,1,31.55148444,0,"{""geodesic"":false,""type"":""Point"",""coordinates"":[-123.28064874922475,41.21817516834171]}"
60,12.44874954,1235.050011,580.5632935,1,99,42,0.01627486438,0.1482820976,5.06E+17,76,344.7462454,4,-0.263094437,811,551,7043,,,0.9647700852,1,0,33.19980051,0,"{""geodesic"":false,""type"":""Point"",""coordinates"":[-123.28029085906766,41.218176039996365]}"
61,12.44874954,1235.050011,580.5632935,0,42,42,0.01627486438,0.1627486438,5.06E+17,66,352.033816,4,-0.1385886209,811,551,7043,,,0.9903500362,1,0,31.84562139,0,"{""geodesic"":false,""type"":""Point"",""coordinates"":[-123.27993296889491,41.21817691053877]}"
62,12.44874954,1235.050011,580.5632935,0,42,42,0.01627486438,0.1754068716,5.06E+17,66,358.2693856,4,-0.03020032651,817,551,7043,,,0.9995438661,1,0,35.47317619,0,"{""geodesic"":false,""type"":""Point"",""coordinates"":[-123.27957507870647,41.218177779968954]}"
63,12.44874954,1235.050011,580.5632935,0,39,42,0.01627486438,0.1952983725,5.06E+17,144,8.049825592,3,0.1400342058,816,551,7043,,,0.9901466665,1,0,37.53854893,0,"{""geodesic"":false,""type"":""Point"",""coordinates"":[-123.27921718850233,41.218178648286866]}"
64,12.44874954,1235.050011,586.2033081,0,39.99999619,42,0.01808318264,0.2115732369,5.06E+17,144,1.730614388,3,0.03020032651,812,551,7043,,,0.9995438661,1,0,35.47317619,0,"{""geodesic"":false,""type"":""Point"",""coordinates"":[-123.27885929828258,41.21817951549257]}"
65,12.44874954,1235.050011,586.2033081,0,39.99999619,42,0.01808318264,0.2278481013,5.06E+17,144,348.4409242,4,-0.2003781962,815,551,7028,,,0.9797186221,1,0,32.79741694,0,"{""geodesic"":false,""type"":""Point"",""coordinates"":[-123.27850140804719,41.218180381586]}"
66,12.44874954,1235.050011,586.2033081,0,42,42,0.01808318264,0.2459312839,5.06E+17,155,326.3876012,4,-0.5535717801,824,559,7043,,,0.8328014675,1,0,30.24782621,0,"{""geodesic"":false,""type"":""Point"",""coordinates"":[-123.27814351779617,41.218181246567205]}"
67,12.44874954,1235.050011,586.2033081,1,83,42,0.01808318264,0.2549728752,5.06E+17,155,317.9945798,4,-0.6692009049,833,559,7043,,,0.7430815224,1,0,34.03210678,0,"{""geodesic"":false,""type"":""Point"",""coordinates"":[-123.27778562752958,41.21818211043618]}"
68,12.44874954,1235.050011,586.2033081,1,83,42,0.02169981917,0.2658227848,5.06E+17,115,307.9211525,4,-0.7888572488,845,559,7028,,,0.6145764729,1,0,37.37446575,0,"{""geodesic"":false,""type"":""Point"",""coordinates"":[-123.27742773724742,41.218182973192896]}"
69,12.44874954,1235.050011,586.2033081,1,98,42,0.02712477396,0.2766726944,5.06E+17,115,305.9176094,4,-0.8098613856,875,559,7028,,,0.5866212885,1,0,35.65823144,0,"{""geodesic"":false,""type"":""Point"",""coordinates"":[-123.2770698469497,41.21818383483738]}"
70,12.44874954,1235.050011,586.2033081,1,100,42,0.03254972875,0.2784810127,5.06E+17,104,313.7518836,4,-0.7223412287,888,559,7043,,,0.6915368026,1,0,33.24224529,0,"{""geodesic"":false,""type"":""Point"",""coordinates"":[-123.27671195663649,41.218184695369615]}"
71,12.44874954,1235.050011,586.2033081,1,100,42,0.03797468354,0.287522604,5.06E+17,104,320.0692293,4,-0.641861545,897,552,7043,,,0.7668205508,1,0,29.68213034,0,"{""geodesic"":false,""type"":""Point"",""coordinates"":[-123.27635406630772,41.21818555478961]}"
72,12.44874954,1235.050011,586.2033081,0,80,42,0.04701627486,0.2983725136,5.06E+17,104,320.0692293,4,-0.641861545,905,552,7043,,,0.7668205508,1,0,29.68213034,0,"{""geodesic"":false,""type"":""Point"",""coordinates"":[-123.27599617596351,41.218186413097364]}"
73,12.44874954,1235.050011,604.6099854,1,100,42,0.05605786618,0.3092224231,5.06E+17,117,317.7102295,4,-0.6728804503,921,551,7043,,,0.7397512417,1,0,22.57615947,0,"{""geodesic"":false,""type"":""Point"",""coordinates"":[-123.2756382856038,41.21818727029287]}"
74,12.44874954,1235.050011,604.6099854,1,100,42,0.0650994575,0.3182640145,5.06E+17,117,317.5734132,4,-0.6746449781,927,551,7043,,,0.7381423667,1,0,19.33529294,0,"{""geodesic"":false,""type"":""Point"",""coordinates"":[-123.27528039522863,41.218188126376134]}"
75,12.44874954,1235.050011,604.6099854,1,99,42,0.07414104882,0.3236889693,5.06E+17,146,328.4676036,4,-0.5229805843,932,551,7043,,,0.8523445949,1,0,13.86877173,0,"{""geodesic"":false,""type"":""Point"",""coordinates"":[-123.27492250483807,41.21818898134717]}"
76,12.44874954,1235.050011,580.5632935,1,100,42,0.01627486438,0.1211573237,5.06E+17,76,342.0801418,4,-0.3076864134,792,551,7028,,,0.9514878197,1,0,32.18980819,0,"{""geodesic"":false,""type"":""Point"",""coordinates"":[-123.28029201273489,41.21844627365594]}"
77,12.44874954,1235.050011,580.5632935,0,41.00000381,42,0.01627486438,0.1374321881,5.06E+17,66,346.4114523,4,-0.2349478323,796,551,7027,,,0.9720079815,1,0,28.79232797,0,"{""geodesic"":false,""type"":""Point"",""coordinates"":[-123.27993412108911,41.21844714420657]}"
78,12.44874954,1235.050011,580.5632935,0,41.00000381,42,0.01627486438,0.1518987342,5.06E+17,66,6.152234129,4,0.1071705227,796,551,7043,,,0.9942406545,1,0,31.06547614,0,"{""geodesic"":false,""type"":""Point"",""coordinates"":[-123.27957622942765,41.218448013644974]}"
79,12.44874954,1235.050011,580.5632935,0,39,42,0.01627486438,0.1681735986,5.06E+17,144,9.672505639,4,0.1680163535,795,551,7043,,,0.9857842081,1,0,32.6366055,0,"{""geodesic"":false,""type"":""Point"",""coordinates"":[-123.2792183377505,41.218448881971106]}"
80,12.44874954,1235.050011,586.2033081,0,37,42,0.01808318264,0.1862567812,5.06E+17,144,0,4,0,791,551,7043,,,1,1,0,29.53467529,0,"{""geodesic"":false,""type"":""Point"",""coordinates"":[-123.2788604460577,41.21844974918499]}"
81,12.44874954,1235.050011,586.2033081,0,37,42,0.01808318264,0.2061482821,5.06E+17,144,337.3238656,4,-0.3855217413,795,551,7043,,,0.922698752,1,0,31.55150057,0,"{""geodesic"":false,""type"":""Point"",""coordinates"":[-123.2785025543493,41.21845061528662]}"
82,12.44874954,1235.050011,586.2033081,0,39,42,0.01808318264,0.2278481013,5.06E+17,155,316.2531313,3,-0.6914735762,810,559,7043,,,0.7224017534,1,0,29.25783909,0,"{""geodesic"":false,""type"":""Point"",""coordinates"":[-123.2781446626253,41.218451480276]}"
83,12.44874954,1235.050011,586.2033081,1,100,42,0.0198915009,0.2423146474,5.06E+17,155,302.0809977,4,-0.8472981146,820,559,7043,,,0.5311175999,1,0,31.36539365,0,"{""geodesic"":false,""type"":""Point"",""coordinates"":[-123.27778677088568,41.21845234415313]}"
84,12.44874954,1235.050011,586.2033081,1,100,42,0.0253164557,0.2549728752,5.06E+17,115,297.040867,4,-0.8906824829,834,559,7043,,,0.4546259063,1,0,34.0794941,0,"{""geodesic"":false,""type"":""Point"",""coordinates"":[-123.27742887913048,41.218453206918014]}"
85,12.44874954,1235.050011,586.2033081,1,100,42,0.03074141049,0.26039783,5.06E+17,115,309.1761704,4,-0.775207286,861,559,7043,,,0.6317069445,1,0,33.67399436,0,"{""geodesic"":false,""type"":""Point"",""coordinates"":[-123.27707098735978,41.21845406857064]}"
86,12.44874954,1235.050011,586.2033081,1,100,42,0.03978300181,0.2676311031,5.06E+17,104,317.0587929,4,-0.6812475378,872,559,7043,,,0.7320531348,1,0,33.55970146,0,"{""geodesic"":false,""type"":""Point"",""coordinates"":[-123.2767130955735,41.218454929111005]}"
87,12.44874954,1235.050011,586.2033081,1,100,42,0.04701627486,0.2820976492,5.06E+17,104,321.0912053,4,-0.6280825078,882,559,7043,,,0.7781467492,1,0,30.22009055,0,"{""geodesic"":false,""type"":""Point"",""coordinates"":[-123.27635520377176,41.218455788539124]}"
88,12.44874954,1235.050011,586.2033081,0,78,42,0.05786618445,0.2983725136,5.06E+17,104,320.4718729,4,-0.6364569417,889,552,7043,,,0.7713122334,1,0,31.32603401,0,"{""geodesic"":false,""type"":""Point"",""coordinates"":[-123.27599731195448,41.218456646854996]}"
89,12.44874954,1235.050011,604.6099854,1,100,42,0.06871609403,0.3074141049,5.06E+17,117,319.4817647,4,-0.6496900267,911,552,7043,,,0.76019923,1,0,30.80488701,0,"{""geodesic"":false,""type"":""Point"",""coordinates"":[-123.2756394201218,41.21845750405861]}"
90,12.44874954,1235.050011,604.6099854,1,100,42,0.07956600362,0.3236889693,5.06E+17,117,323.3330985,4,-0.5971618797,918,551,7043,,,0.8021207449,1,0,26.77233096,0,"{""geodesic"":false,""type"":""Point"",""coordinates"":[-123.27528152827362,41.21845836014997]}"
91,12.44874954,1235.050011,604.6099854,1,100,42,0.08860759494,0.3309222423,5.06E+17,146,331.0167183,4,-0.4845543951,925,551,7043,,,0.8747611321,1,0,23.94737887,0,"{""geodesic"":false,""type"":""Point"",""coordinates"":[-123.27492363641001,41.21845921512908]}"
92,12.44874954,1235.050011,580.5632935,1,100,42,0.01627486438,0.09945750452,5.06E+17,76,342.1365665,4,-0.3067492415,774,551,7027,,,0.9517903671,1,1,29.30350615,0,"{""geodesic"":false,""type"":""Point"",""coordinates"":[-123.28029316641785,41.218716507302744]}"
93,12.44874954,1235.050011,580.5632935,1,100,42,0.01627486438,0.1121157324,5.06E+17,66,347.8341645,3,-0.2107419419,778,551,7043,,,0.97754173,1,0,31.49612959,0,"{""geodesic"":false,""type"":""Point"",""coordinates"":[-123.27993527329897,41.218717377861616]}"
94,12.44874954,1235.050011,580.5632935,1,100,42,0.01627486438,0.1265822785,5.06E+17,66,6.500888607,4,0.1132186232,780,551,7043,,,0.9935700999,1,0,29.6934553,0,"{""geodesic"":false,""type"":""Point"",""coordinates"":[-123.2795773801645,41.21871824730822]}"
95,12.44874954,1235.050011,580.5632935,0,33.99999619,42,0.01808318264,0.1428571429,5.06E+17,144,7.104382166,4,0.1236773731,777,551,7028,,,0.9923224815,1,0,27.56529971,0,"{""geodesic"":false,""type"":""Point"",""coordinates"":[-123.27921948701433,41.21871911564256]}"
96,12.44874954,1235.050011,586.2033081,0,39,42,0.01808318264,0.1609403255,5.06E+17,144,351.5973354,4,-0.146129035,777,551,7043,,,0.9892655382,1,0,23.83643733,0,"{""geodesic"":false,""type"":""Point"",""coordinates"":[-123.27886159384852,41.21871998286465]}"
97,12.44874954,1235.050011,586.2033081,0,39,42,0.01808318264,0.1844484629,5.06E+17,144,329.6744959,4,-0.5049118977,780,551,7043,,,0.8631708843,1,0,25.11934698,0,"{""geodesic"":false,""type"":""Point"",""coordinates"":[-123.27850370066702,41.21872084897446]}"
98,12.44874954,1235.050011,586.2033081,0,41.00000381,42,0.01808318264,0.2115732369,5.06E+17,155,301.0378771,4,-0.8568266322,799,551,7043,,,0.5156046182,1,0,32.12529143,0,"{""geodesic"":false,""type"":""Point"",""coordinates"":[-123.27814580746998,41.21872171397202]}"
99,12.44874954,1235.050011,586.2033081,1,100,42,0.0253164557,0.226039783,5.06E+17,155,295.3426086,4,-0.9037644907,813,559,7043,,,0.4280300753,1,0,32.73805914,0,"{""geodesic"":false,""type"":""Point"",""coordinates"":[-123.27778791425735,41.21872257785732]}"
100,12.44874954,1235.050011,586.2033081,1,100,42,0.03074141049,0.2405063291,5.06E+17,115,302.2866941,4,-0.8453859037,826,559,7043,,,0.5341560389,1,0,32.47315471,0,"{""geodesic"":false,""type"":""Point"",""coordinates"":[-123.27743002102912,41.218723440630356]}"
101,12.44874954,1235.050011,586.2033081,1,100,42,0.03797468354,0.2549728752,5.06E+17,115,317.4838551,4,-0.6757979321,849,559,7043,,,0.7370869386,1,0,32.49276617,0,"{""geodesic"":false,""type"":""Point"",""coordinates"":[-123.27707212778535,41.218724302291136]}"
102,12.44874954,1235.050011,586.2033081,0,45,42,0.04701627486,0.2676311031,5.06E+17,104,316.4810206,4,-0.6885948207,858,559,7043,,,0.7251463114,1,0,32.0077203,0,"{""geodesic"":false,""type"":""Point"",""coordinates"":[-123.27671423452607,41.21872516283963]}"
103,12.44874954,1235.050011,586.2033081,0,45,42,0.05967450271,0.287522604,5.06E+17,104,321.4220633,4,-0.6235786045,869,559,7043,,,0.7817606565,1,0,31.84873001,0,"{""geodesic"":false,""type"":""Point"",""coordinates"":[-123.27635634125126,41.218726022275874]}"
104,12.44874954,1235.050011,586.2033081,1,83,42,0.07594936709,0.3074141049,5.06E+17,104,337.5798199,4,-0.3813959864,876,559,7043,,,0.9244117597,1,0,26.92289202,0,"{""geodesic"":false,""type"":""Point"",""coordinates"":[-123.27599844796094,41.21872688059987]}"
105,12.44874954,1235.050011,604.6099854,1,100,42,0.09222423146,0.321880651,5.06E+17,117,317.6473687,4,-0.673691647,893,559,7043,,,0.7390125606,1,0,37.47596845,0,"{""geodesic"":false,""type"":""Point"",""coordinates"":[-123.27564055465521,41.218727737811584]}"
106,12.44874954,1235.050011,604.6099854,1,100,42,0.1048824593,0.3327305606,5.06E+17,117,326.3873769,4,-0.5535750412,902,559,7043,,,0.8327992998,1,0,30.24789111,0,"{""geodesic"":false,""type"":""Point"",""coordinates"":[-123.27528266133399,41.21872859391104]}"
107,12.44874954,1235.050011,604.6099854,1,100,42,0.1121157324,0.3435804702,5.06E+17,146,334.1994915,4,-0.4352390898,908,559,7043,,,0.9003149087,1,0,30.68251984,0,"{""geodesic"":false,""type"":""Point"",""coordinates"":[-123.27492476799736,41.218729448898216]}"
108,12.44874954,1235.050011,604.6099854,1,100,42,0.1175406872,0.3544303797,5.06E+17,146,317.8098649,4,-0.6715930317,921,551,7043,,,0.7409202384,1,0,25.67174661,0,"{""geodesic"":false,""type"":""Point"",""coordinates"":[-123.27456687464532,41.21873030277315]}"
109,12.44874954,1235.050011,604.6099854,1,100,42,0.122965642,0.3580470163,5.06E+17,182,322.7769547,4,-0.6049194438,929,551,7043,,,0.7962866735,1,0,15.88672596,0,"{""geodesic"":false,""type"":""Point"",""coordinates"":[-123.2742089812779,41.21873115553581]}"
110,12.44874954,1235.050011,580.5632935,1,99,42,0.01627486438,0.08679927667,5.06E+17,85,355.6557061,3,-0.07574960303,759,551,7027,,,0.9971268714,1,0,29.60543306,0,"{""geodesic"":false,""type"":""Point"",""coordinates"":[-123.27993642552457,41.2189876115039]}"
111,12.44874954,1235.050011,580.5632935,1,99,42,0.01627486438,0.1012658228,5.06E+17,85,355.8897051,3,-0.07167666371,761,551,7043,,,0.9974279201,1,0,30.9844808,0,"{""geodesic"":false,""type"":""Point"",""coordinates"":[-123.27957853091702,41.218988480958735]}"
112,12.44874954,1235.050011,580.5632935,0,41.00000381,42,0.01808318264,0.1139240506,5.06E+17,85,352.4272882,4,-0.1317842898,763,551,7028,,,0.9912784175,1,0,26.100505,0,"{""geodesic"":false,""type"":""Point"",""coordinates"":[-123.27922063629376,41.21898934930128]}"
113,12.44874954,1235.050011,586.2033081,1,85,42,0.01808318264,0.1320072333,5.06E+17,138,339.5825919,4,-0.3488568042,764,551,7043,,,0.9371760401,1,0,23.35580255,0,"{""geodesic"":false,""type"":""Point"",""coordinates"":[-123.27886274165489,41.218990216531566]}"
114,12.44874954,1235.050011,586.2033081,1,85,42,0.0198915009,0.1591320072,5.06E+17,138,318.449692,4,-0.6632774063,770,551,7043,,,0.7483736248,1,0,24.42957231,0,"{""geodesic"":false,""type"":""Point"",""coordinates"":[-123.27850484700039,41.21899108264958]}"
115,12.44874954,1235.050011,586.2033081,0,41.00000381,42,0.02169981917,0.191681736,5.06E+17,131,299.7553194,4,-0.8681527411,790,551,7043,,,0.4962971066,1,0,31.78752325,0,"{""geodesic"":false,""type"":""Point"",""coordinates"":[-123.27814695233026,41.21899194765531]}"
116,12.44874954,1235.050011,586.2033081,1,100,42,0.02893309222,0.2151898734,5.06E+17,131,309.2696461,4,-0.774175651,803,559,7043,,,0.632970822,1,0,32.59309572,0,"{""geodesic"":false,""type"":""Point"",""coordinates"":[-123.27778905764455,41.21899281154877]}"
117,12.44874954,1235.050011,586.2033081,1,100,42,0.03978300181,0.2350813743,5.06E+17,96,319.3802509,4,-0.6510358895,813,559,7043,,,0.7590469488,1,0,33.46947614,0,"{""geodesic"":false,""type"":""Point"",""coordinates"":[-123.27743116294329,41.21899367432996]}"
118,12.44874954,1235.050011,586.2033081,1,81,42,0.05424954792,0.26039783,5.06E+17,96,322.9637773,4,-0.602319804,832,559,7043,,,0.7982548802,1,0,36.88167193,0,"{""geodesic"":false,""type"":""Point"",""coordinates"":[-123.27707326822647,41.21899453599888]}"
119,12.44874954,1235.050011,586.2033081,1,91,42,0.06871609403,0.2784810127,5.06E+17,113,321.9738041,4,-0.6160216933,844,559,7043,,,0.7877291879,1,0,34.94189345,0,"{""geodesic"":false,""type"":""Point"",""coordinates"":[-123.27671537349411,41.21899539655551]}"
120,12.44874954,1235.050011,586.2033081,1,91,42,0.08499095841,0.3001808318,5.06E+17,113,330.7615015,4,-0.4884460878,852,559,7043,,,0.8725940748,1,0,35.18192696,0,"{""geodesic"":false,""type"":""Point"",""coordinates"":[-123.27635747874623,41.21899625599988]}"
121,12.44874954,1235.050011,586.2033081,1,100,42,0.103074141,0.3200723327,5.06E+17,113,327.7999984,4,-0.5328762991,860,559,7043,,,0.8461931516,1,0,36.01506366,0,"{""geodesic"":false,""type"":""Point"",""coordinates"":[-123.2759995839829,41.218997114331984]}"
122,12.44874954,1235.050011,604.6099854,1,100,42,0.1175406872,0.3381555154,5.06E+17,111,320.471634,4,-0.6364601579,876,559,7043,,,0.7713095795,1,0,31.32612157,0,"{""geodesic"":false,""type"":""Point"",""coordinates"":[-123.2756416892041,41.21899797155179]}"
123,12.44874954,1235.050011,604.6099854,1,100,42,0.1283905967,0.349005425,5.06E+17,111,325.54359,4,-0.5657790873,888,559,7043,,,0.8245568655,1,0,31.32446984,0,"{""geodesic"":false,""type"":""Point"",""coordinates"":[-123.2752837944098,41.21899882765934]}"
124,12.44874954,1235.050011,604.6099854,1,100,42,0.1356238698,0.3580470163,5.06E+17,111,336.0996697,3,-0.4051468565,892,559,7043,,,0.91425162,1,0,27.97639253,0,"{""geodesic"":false,""type"":""Point"",""coordinates"":[-123.27492589960012,41.218999682654626]}"
125,12.44874954,1235.050011,604.6099854,1,100,42,0.1428571429,0.3707052441,5.06E+17,111,317.3741562,4,-0.6772079249,908,551,7043,,,0.7357917005,1,0,29.77009536,0,"{""geodesic"":false,""type"":""Point"",""coordinates"":[-123.27456800477502,41.21900053653761]}"
126,12.44874954,1235.050011,604.6099854,1,100,42,0.1500904159,0.3743218807,5.06E+17,141,320.2768567,3,-0.6390785467,916,551,7043,,,0.7691414767,1,0,26.79912038,0,"{""geodesic"":false,""type"":""Point"",""coordinates"":[-123.27421010993451,41.21900138930834]}"
127,12.44874954,1235.050011,580.5632935,0,39,42,0.01627486438,0.0705244123,5.06E+17,85,339.4989312,4,-0.3502248534,743,551,7043,,,0.9366656565,1,0,28.9441187,0,"{""geodesic"":false,""type"":""Point"",""coordinates"":[-123.27957968168519,41.219258714596485]}"
128,12.44874954,1235.050011,580.5632935,0,50,42,0.01808318264,0.08679927667,5.06E+17,85,338.2562551,3,-0.3704560359,747,551,7043,,,0.9288500016,1,0,27.60203821,0,"{""geodesic"":false,""type"":""Point"",""coordinates"":[-123.27922178558889,41.219259582947245]}"
129,12.44874954,1235.050011,586.2033081,1,100,42,0.0198915009,0.1103074141,5.06E+17,138,327.4567168,3,-0.5379365814,752,551,7043,,,0.8429853109,1,0,25.64439292,0,"{""geodesic"":false,""type"":""Point"",""coordinates"":[-123.27886388947692,41.21926045018572]}"
130,12.44874954,1235.050011,586.2033081,1,100,42,0.02350813743,0.1374321881,5.06E+17,138,318.4495712,3,-0.663278984,759,551,7043,,,0.7483722265,1,0,27.4354227,0,"{""geodesic"":false,""type"":""Point"",""coordinates"":[-123.27850599334934,41.21926131631192]}"
131,12.44874954,1235.050011,586.2033081,1,91,42,0.03074141049,0.1681735986,5.06E+17,131,314.358454,3,-0.7149798279,780,551,7043,,,0.699145082,1,0,31.04774206,0,"{""geodesic"":false,""type"":""Point"",""coordinates"":[-123.27814809720614,41.219262181325824]}"
132,12.44874954,1235.050011,586.2033081,1,100,42,0.03978300181,0.2061482821,5.06E+17,131,328.855749,4,-0.5171944912,788,551,7043,,,0.8558678977,1,0,31.97066094,0,"{""geodesic"":false,""type"":""Point"",""coordinates"":[-123.27779020104735,41.219263045227464]}"
133,12.44874954,1235.050011,586.2033081,1,100,42,0.05605786618,0.2368896926,5.06E+17,96,328.0698064,4,-0.52888565,795,559,7043,,,0.8486930948,1,0,31.39823834,0,"{""geodesic"":false,""type"":""Point"",""coordinates"":[-123.27743230487299,41.2192639080168]}"
134,12.44874954,1235.050011,586.2033081,0,45.99999619,42,0.07414104882,0.2640144665,5.06E+17,96,322.2061138,4,-0.6128227365,812,559,7043,,,0.7902204082,1,0,36.40746864,0,"{""geodesic"":false,""type"":""Point"",""coordinates"":[-123.2770744086831,41.21926476969387]}"
135,12.44874954,1235.050011,586.2033081,1,100,42,0.09222423146,0.2893309222,5.06E+17,113,327.7281796,4,-0.533936562,824,559,7043,,,0.84552454,1,0,37.44523978,0,"{""geodesic"":false,""type"":""Point"",""coordinates"":[-123.27671651247766,41.21926563025864]}"
136,12.44874954,1235.050011,586.2033081,1,100,42,0.1103074141,0.3146473779,5.06E+17,113,334.4878401,4,-0.4307026427,831,551,7043,,,0.9024938967,1,0,34.97400699,0,"{""geodesic"":false,""type"":""Point"",""coordinates"":[-123.27635861625672,41.21926648971114]}"
137,12.44874954,1235.050011,586.2033081,1,100,42,0.130198915,0.3345388788,5.06E+17,113,325.6791498,4,-0.5638266323,838,551,7043,,,0.8258931703,1,0,35.95006725,0,"{""geodesic"":false,""type"":""Point"",""coordinates"":[-123.2760007200203,41.219267348051346]}"
138,12.44874954,1235.050011,604.6099854,1,88,42,0.1446654611,0.3526220615,5.06E+17,111,319.768465,4,-0.6458779754,864,551,7043,,,0.7634406597,1,0,34.98133912,0,"{""geodesic"":false,""type"":""Point"",""coordinates"":[-123.27564282376841,41.21926820527927]}"
139,12.44874954,1235.050011,604.6099854,1,88,42,0.1555153707,0.3598553345,5.06E+17,111,333.2961126,4,-0.4493796112,871,559,7043,,,0.8933409008,1,0,33.84019095,0,"{""geodesic"":false,""type"":""Point"",""coordinates"":[-123.27528492750106,41.219269061394904]}"
140,12.44874954,1235.050011,604.6099854,1,100,42,0.164556962,0.3725135624,5.06E+17,111,328.0698064,4,-0.52888565,878,559,7043,,,0.8486930948,1,0,31.39823834,0,"{""geodesic"":false,""type"":""Point"",""coordinates"":[-123.27492703121828,41.21926991639826]}"
141,12.44874954,1235.050011,604.6099854,1,100,42,0.1717902351,0.3851717902,5.06E+17,111,316.9076145,3,-0.6831767309,895,551,7043,,,0.7302530755,1,0,30.90129157,0,"{""geodesic"":false,""type"":""Point"",""coordinates"":[-123.27456913492011,41.21927077028933]}"
142,12.44874954,1235.050011,604.6099854,1,100,42,0.1772151899,0.3978300181,5.06E+17,141,315.083702,4,-0.7060730319,905,551,7043,,,0.7081390214,1,0,28.75050532,0,"{""geodesic"":false,""type"":""Point"",""coordinates"":[-123.27421123860654,41.21927162306812]}"
143,12.44874954,1235.050011,604.6099854,1,100,42,0.1790235081,0.4086799277,5.06E+17,141,313.2359256,3,-0.7285392595,913,551,7043,,,0.6850040492,1,0,25.29695641,0,"{""geodesic"":false,""type"":""Point"",""coordinates"":[-123.27385334227759,41.21927247473461]}"
144,12.44874954,1235.050011,580.5632935,0,1.999998093,42,0.01627486438,0.04701627486,5.06E+17,85,53.04983243,3,0.7991586305,732,549,7030,,,0.6011201903,1,1,20.6569835,0,"{""geodesic"":false,""type"":""Point"",""coordinates"":[-123.27993873002279,41.21952807875023]}"
145,12.44874954,1235.050011,580.5632935,0,39.99999619,42,0.02169981917,0.0650994575,5.06E+17,85,333.7848947,3,-0.4417423883,733,551,7043,,,0.897141941,1,0,25.97442788,0,"{""geodesic"":false,""type"":""Point"",""coordinates"":[-123.27922293489964,41.219529816580454]}"
146,12.44874954,1235.050011,586.2033081,1,100,42,0.0253164557,0.08860759494,5.06E+17,138,328.3152826,3,-0.5252446948,739,551,7043,,,0.8509512387,1,0,28.04191268,0,"{""geodesic"":false,""type"":""Point"",""coordinates"":[-123.27886503731456,41.21953068382714]}"
147,12.44874954,1235.050011,586.2033081,1,100,42,0.03074141049,0.1193490054,5.06E+17,138,326.3870403,3,-0.553579933,746,551,7043,,,0.8327960481,1,0,28.55768464,0,"{""geodesic"":false,""type"":""Point"",""coordinates"":[-123.2785071397139,41.21953154996152]}"
148,12.44874954,1235.050011,586.2033081,1,100,42,0.04159132007,0.1518987342,5.06E+17,131,327.1483605,3,-0.5424655758,764,551,7043,,,0.8400780315,1,0,33.99682103,0,"{""geodesic"":false,""type"":""Point"",""coordinates"":[-123.27814924209763,41.21953241498361]}"
149,12.44874954,1235.050011,586.2033081,1,100,42,0.05605786618,0.1952983725,5.06E+17,131,325.5940178,3,-0.5650531504,770,551,7043,,,0.8250545056,1,0,32.92176707,0,"{""geodesic"":false,""type"":""Point"",""coordinates"":[-123.27779134446571,41.219533278893394]}"
150,12.44874954,1235.050011,586.2033081,1,100,42,0.07594936709,0.2314647378,5.06E+17,96,322.776603,3,-0.6049243309,781,551,7043,,,0.7962829609,1,0,29.64925572,0,"{""geodesic"":false,""type"":""Point"",""coordinates"":[-123.27743344681826,41.2195341416909]}"
151,12.44874954,1235.050011,586.2033081,0,41.00000381,42,0.09584086799,0.2640144665,5.06E+17,96,318.4494504,4,-0.6632805617,796,551,7043,,,0.7483708282,1,0,30.28614116,0,"{""geodesic"":false,""type"":""Point"",""coordinates"":[-123.27707554915527,41.2195350033761]}"
152,12.44874954,1235.050011,586.2033081,1,100,42,0.1157323689,0.294755877,5.06E+17,113,325.5940178,3,-0.5650531504,804,551,7043,,,0.8250545056,1,0,32.92176707,0,"{""geodesic"":false,""type"":""Point"",""coordinates"":[-123.27671765147674,41.21953586394903]}"
153,12.44874954,1235.050011,586.2033081,1,100,42,0.1356238698,0.321880651,5.06E+17,113,322.5680997,3,-0.607818048,813,551,7043,,,0.7940763317,1,0,33.92977889,0,"{""geodesic"":false,""type"":""Point"",""coordinates"":[-123.2763597537827,41.21953672340963]}"
154,12.44874954,1235.050011,586.2033081,1,100,42,0.1555153707,0.3453887884,5.06E+17,113,317.0583074,3,-0.6812537399,823,551,7043,,,0.7320473632,1,0,33.55990955,0,"{""geodesic"":false,""type"":""Point"",""coordinates"":[-123.2760018560732,41.21953758175796]}"
155,12.44874954,1235.050011,604.6099854,1,99,42,0.1699819168,0.3670886076,5.06E+17,111,329.2577864,3,-0.511176289,843,551,7043,,,0.8594758877,1,0,35.59166859,0,"{""geodesic"":false,""type"":""Point"",""coordinates"":[-123.2756439583482,41.21953843899398]}"
156,12.44874954,1235.050011,604.6099854,1,99,42,0.1844484629,0.3779385172,5.06E+17,111,330.5328646,3,-0.4919242471,851,559,7043,,,0.8706380046,1,0,36.63891645,0,"{""geodesic"":false,""type"":""Point"",""coordinates"":[-123.27528606060774,41.219539295117706]}"
157,12.44874954,1235.050011,604.6099854,1,100,42,0.1952983725,0.3887884268,5.06E+17,111,323.5510635,3,-0.5941061321,860,559,7043,,,0.8043866631,1,0,35.92247041,0,"{""geodesic"":false,""type"":""Point"",""coordinates"":[-123.27492816285186,41.219540150129156]}"
158,12.44874954,1235.050011,604.6099854,1,100,42,0.2025316456,0.4014466546,5.06E+17,111,317.0583074,3,-0.6812537399,881,559,7043,,,0.7320473632,1,0,33.55990955,0,"{""geodesic"":false,""type"":""Point"",""coordinates"":[-123.27457026508058,41.219541004028294]}"
159,12.44874954,1235.050011,604.6099854,1,100,42,0.2061482821,0.4122965642,5.06E+17,141,313.7512758,4,-0.7223485641,892,551,7027,,,0.6915291403,1,0,33.24253635,0,"{""geodesic"":false,""type"":""Point"",""coordinates"":[-123.27421236729391,41.21954185681514]}"
160,12.44874954,1235.050011,604.6099854,1,100,42,0.2097649186,0.4321880651,5.06E+17,141,301.6093578,4,-0.8516413427,903,552,7027,,,0.5241250074,1,0,29.0712509,0,"{""geodesic"":false,""type"":""Point"",""coordinates"":[-123.27385446949188,41.219542708489676]}"
161,12.44874954,1235.050011,580.5632935,0,6,42,0.02712477396,0.05063291139,5.06E+17,137,346.1691094,3,-0.2390570022,720,551,7043,,,0.9710055354,1,0,24.2335018,0,"{""geodesic"":false,""type"":""Point"",""coordinates"":[-123.27922408422604,41.21980005020093]}"
162,12.44874954,1235.050011,586.2033081,1,100,42,0.03254972875,0.06871609403,5.06E+17,106,331.5587104,3,-0.4762579946,724,551,7043,,,0.8793055911,1,0,26.43024651,0,"{""geodesic"":false,""type"":""Point"",""coordinates"":[-123.27886618516786,41.2198009174558]}"
163,12.44874954,1235.050011,586.2033081,1,100,42,0.04159132007,0.09945750452,5.06E+17,106,327.3763759,3,-0.539118098,731,551,7043,,,0.8422301802,1,0,27.42675852,0,"{""geodesic"":false,""type"":""Point"",""coordinates"":[-123.27850828609407,41.21980178359838]}"
164,12.44874954,1235.050011,586.2033081,1,99,42,0.05605786618,0.1392405063,5.06E+17,105,326.3869281,3,-0.5535815636,745,551,7043,,,0.8327949642,1,0,34.98293531,0,"{""geodesic"":false,""type"":""Point"",""coordinates"":[-123.27815038700466,41.219802648628644]}"
165,12.44874954,1235.050011,586.2033081,1,86,42,0.09764918626,0.226039783,5.06E+17,126,319.2967182,3,-0.6521418272,767,551,7043,,,0.7580969841,1,0,35.9799363,0,"{""geodesic"":false,""type"":""Point"",""coordinates"":[-123.27743458877909,41.219804375352254]}"
166,12.44874954,1235.050011,586.2033081,1,100,42,0.1193490054,0.2640144665,5.06E+17,126,325.4196847,3,-0.5675609129,785,551,7043,,,0.8233314096,1,0,27.96183261,0,"{""geodesic"":false,""type"":""Point"",""coordinates"":[-123.27707668964298,41.21980523704561]}"
167,12.44874954,1235.050011,586.2033081,1,100,42,0.1410488246,0.3001808318,5.06E+17,102,328.3151738,3,-0.5252463102,791,551,7043,,,0.8509502416,1,0,28.04194054,0,"{""geodesic"":false,""type"":""Point"",""coordinates"":[-123.2767187904913,41.21980609762665]}"
168,12.44874954,1235.050011,586.2033081,1,85,42,0.1826401447,0.3544303797,5.06E+17,102,318.8967789,3,-0.6574176086,808,551,7043,,,0.7535264348,1,0,34.50641825,0,"{""geodesic"":false,""type"":""Point"",""coordinates"":[-123.27600299214153,41.21980781545184]}"
169,12.44874954,1235.050011,604.6099854,1,100,42,0.1971066908,0.3761301989,5.06E+17,129,333.5016575,3,-0.4461719239,826,551,7043,,,0.894947269,1,0,30.06289063,0,"{""geodesic"":false,""type"":""Point"",""coordinates"":[-123.27564509294339,41.21980867269597]}"
170,12.44874954,1235.050011,604.6099854,1,100,42,0.2133815552,0.3869801085,5.06E+17,129,326.3869281,3,-0.5535815636,831,551,7043,,,0.8327949642,1,0,31.8821178,0,"{""geodesic"":false,""type"":""Point"",""coordinates"":[-123.27528719372982,41.21980952882778]}"
171,12.44874954,1235.050011,604.6099854,1,100,42,0.226039783,0.3996383363,5.06E+17,161,313.4833106,3,-0.7255748476,842,551,7043,,,0.6881432558,1,0,34.30146863,0,"{""geodesic"":false,""type"":""Point"",""coordinates"":[-123.27492929450084,41.21981038384731]}"
172,12.44874954,1235.050011,604.6099854,1,100,42,0.2314647378,0.4122965642,5.06E+17,161,310.3745016,3,-0.7618266651,865,551,7043,,,0.6477809293,1,0,33.01294967,0,"{""geodesic"":false,""type"":""Point"",""coordinates"":[-123.27457139525643,41.219811237754506]}"
173,12.44874954,1235.050011,604.6099854,1,100,42,0.2368896926,0.4303797468,5.06E+17,164,297.7682267,3,-0.8848394734,877,552,7043,,,0.4658960253,1,0,36.11653235,0,"{""geodesic"":false,""type"":""Point"",""coordinates"":[-123.27421349599665,41.21981209054942]}"
174,12.44874954,1235.050011,604.6099854,1,100,42,0.253164557,0.4755877034,5.06E+17,149,290.6109825,3,-0.9359920775,908,551,7027,,,0.352021066,1,0,28.89091502,0,"{""geodesic"":false,""type"":""Point"",""coordinates"":[-123.273497697431,41.21981379280233]}"
175,12.44874954,1235.050011,604.6099854,1,100,52,0.253164557,0.5171790235,5.06E+17,149,107.8675745,3,0.9517681943,920,552,7043,,,-0.3068180314,1,0,8.994190405,0,"{""geodesic"":false,""type"":""Point"",""coordinates"":[-123.27278189880401,41.219815490605995]}"
176,12.44874954,1235.050011,586.2033081,1,84,42,0.04159132007,0.06329113924,5.06E+17,106,319.1680907,3,-0.6538420905,712,551,7043,,,0.7566310334,1,0,23.16563365,0,"{""geodesic"":false,""type"":""Point"",""coordinates"":[-123.27886733303679,41.220071151071714]}"
177,12.44874954,1235.050011,586.2033081,1,84,42,0.05605786618,0.0904159132,5.06E+17,106,325.2536064,3,-0.5699450438,719,551,7043,,,0.8216828141,1,0,24.37610415,0,"{""geodesic"":false,""type"":""Point"",""coordinates"":[-123.27850943248984,41.22007201722248]}"
178,12.44874954,1235.050011,586.2033081,1,100,42,0.07233273056,0.1283905967,5.06E+17,105,331.9966642,3,-0.4695229672,728,551,7043,,,0.8829202587,1,0,28.81213781,0,"{""geodesic"":false,""type"":""Point"",""coordinates"":[-123.27815153192729,41.22007288226091]}"
179,12.44874954,1235.050011,586.2033081,1,99,42,0.09584086799,0.1735985533,5.06E+17,105,322.5678648,3,-0.6078213035,736,551,7043,,,0.7940738398,1,0,33.92986216,0,"{""geodesic"":false,""type"":""Point"",""coordinates"":[-123.27779363134918,41.22007374618704]}"
180,12.44874954,1235.050011,586.2033081,1,100,42,0.1446654611,0.2567811935,5.06E+17,126,327.1481387,3,-0.5424688278,769,551,7043,,,0.8400759316,1,0,33.99688742,0,"{""geodesic"":false,""type"":""Point"",""coordinates"":[-123.27707783014615,41.220075470702355]}"
181,12.44874954,1235.050011,586.2033081,1,100,42,0.1681735986,0.2965641953,5.06E+17,102,330.8596513,3,-0.4869505857,776,551,7043,,,0.8734295204,1,0,29.87912484,0,"{""geodesic"":false,""type"":""Point"",""coordinates"":[-123.2767199295214,41.22007633129154]}"
182,12.44874954,1235.050011,586.2033081,1,100,42,0.191681736,0.3273056058,5.06E+17,102,325.4855687,3,-0.566613795,782,551,7043,,,0.8239834994,1,0,29.67131717,0,"{""geodesic"":false,""type"":""Point"",""coordinates"":[-123.2763620288811,41.2200771907684]}"
183,12.44874954,1235.050011,586.2033081,0,41.00000381,42,0.2097649186,0.3580470163,5.06E+17,102,317.9937328,3,-0.6692118903,791,551,7043,,,0.7430716291,1,0,34.03246058,0,"{""geodesic"":false,""type"":""Point"",""coordinates"":[-123.27600412822532,41.22007804913296]}"
184,12.44874954,1235.050011,604.6099854,1,100,42,0.226039783,0.383363472,5.06E+17,129,321.7679591,3,-0.6188477649,811,551,7043,,,0.7855109445,1,0,29.09220438,0,"{""geodesic"":false,""type"":""Point"",""coordinates"":[-123.27564622755405,41.22007890638518]}"
185,12.44874954,1235.050011,604.6099854,1,100,42,0.2423146474,0.3960216998,5.06E+17,129,309.6044723,3,-0.7704634855,819,551,7043,,,0.6374841312,1,0,29.18993946,0,"{""geodesic"":false,""type"":""Point"",""coordinates"":[-123.27528832686737,41.22007976252509]}"
186,12.44874954,1235.050011,604.6099854,1,100,42,0.2549728752,0.4068716094,5.06E+17,161,304.5863742,3,-0.8232713869,831,551,7043,,,0.567647975,1,0,32.10333549,0,"{""geodesic"":false,""type"":""Point"",""coordinates"":[-123.27493042616524,41.22008061755271]}"
187,12.44874954,1235.050011,604.6099854,1,100,42,0.26039783,0.4267631103,5.06E+17,161,294.5454078,3,-0.9096323343,855,551,7043,,,0.4154142708,1,0,33.52257021,0,"{""geodesic"":false,""type"":""Point"",""coordinates"":[-123.27457252544768,41.220081471467985]}"
188,12.44874954,1235.050011,604.6099854,1,100,42,0.2857142857,0.5171790235,5.06E+17,149,333.9043338,3,-0.4398712433,916,551,7027,,,0.8980608494,1,0,18.90529288,0,"{""geodesic"":false,""type"":""Point"",""coordinates"":[-123.27314092242382,41.220084876005956]}"
189,12.44874954,1235.050011,604.6099854,1,100,42,0.2820976492,0.5388788427,0,149,352.4271611,3,-0.1317864898,917,551,7027,,,0.991278125,0,0,9.274649935,0,"{""geodesic"":false,""type"":""Point"",""coordinates"":[-123.27278302162954,41.220085724359656]}"
190,12.44874954,1235.050011,536.3067017,0,38,42,0.01627486438,0.00904159132,5.06E+17,139,79.35015791,4,0.9827749564,744,551,7043,,,0.1848063448,1,1,14.7232827,0,"{""geodesic"":false,""type"":""Point"",""coordinates"":[-123.28065799078698,41.22033703719527]}"
191,12.44874954,1235.050011,536.3067017,0,39,42,0.01808318264,0.01084990958,5.06E+17,139,90,4,1,738,551,7043,,,6.12E-17,1,1,14.4804227,0,"{""geodesic"":false,""type"":""Point"",""coordinates"":[-123.28030008884521,41.220337908915845]}"
192,12.44874954,1235.050011,580.2166748,1,98,42,0.0705244123,0.09222423146,5.06E+17,106,334.4238627,3,-0.4317101138,708,551,7043,,,0.9020124044,1,0,24.16372757,0,"{""geodesic"":false,""type"":""Point"",""coordinates"":[-123.27851057890123,41.22034225083383]}"
193,12.44874954,1235.050011,580.2166748,1,98,42,0.1175406872,0.1681735986,5.06E+17,105,325.4854551,3,-0.5666154289,722,551,7043,,,0.8239823758,1,0,29.67135077,0,"{""geodesic"":false,""type"":""Point"",""coordinates"":[-123.27779477481424,41.22034397981475]}"
194,12.44874954,1235.050011,580.2166748,1,98,42,0.1446654611,0.2079566004,5.06E+17,126,323.9056329,3,-0.5891169185,730,551,7043,,,0.8080478057,1,0,31.84146836,0,"{""geodesic"":false,""type"":""Point"",""coordinates"":[-123.27743687274737,41.22034484263671]}"
195,12.44874954,1235.050011,580.2166748,1,100,42,0.1699819168,0.2513562387,5.06E+17,126,322.2056424,3,-0.6128292377,750,551,7043,,,0.7902153665,1,0,36.40764326,0,"{""geodesic"":false,""type"":""Point"",""coordinates"":[-123.27707897066495,41.22034570434635]}"
196,12.44874954,1235.050011,586.2033081,1,100,42,0.1952983725,0.2965641953,5.06E+17,102,321.7134827,3,-0.619594343,760,551,7043,,,0.7849221937,1,0,33.42277795,0,"{""geodesic"":false,""type"":""Point"",""coordinates"":[-123.27672106856701,41.220346564943675]}"
197,12.44874954,1235.050011,586.2033081,1,100,42,0.2206148282,0.3327305606,5.06E+17,102,319.0006707,3,-0.6560501939,769,551,7043,,,0.7547172604,1,0,29.14703105,0,"{""geodesic"":false,""type"":""Point"",""coordinates"":[-123.27636316645355,41.22034742442867]}"
198,12.44874954,1235.050011,586.2033081,0,37,42,0.2386980108,0.3652802893,5.06E+17,102,315.4390772,3,-0.7016672692,777,551,7043,,,0.7125047673,1,0,31.52608533,0,"{""geodesic"":false,""type"":""Point"",""coordinates"":[-123.27600526432461,41.220348282801325]}"
199,12.44874954,1235.050011,604.6099854,1,100,42,0.253164557,0.3924050633,5.06E+17,129,316.4802915,3,-0.6886040477,799,551,7043,,,0.7251375494,1,0,32.00803147,0,"{""geodesic"":false,""type"":""Point"",""coordinates"":[-123.27564736218017,41.220349140061664]}"
200,12.44874954,1235.050011,604.6099854,1,100,42,0.2712477396,0.4122965642,5.06E+17,129,306.9498169,3,-0.7991623099,809,551,7043,,,0.6011152987,1,0,29.4890608,0,"{""geodesic"":false,""type"":""Point"",""coordinates"":[-123.27528946002033,41.22034999620966]}"
201,12.44874954,1235.050011,604.6099854,1,100,42,0.2839059675,0.424954792,5.06E+17,161,300.7728346,3,-0.8592025726,820,551,7028,,,0.5116355531,1,0,31.0120103,0,"{""geodesic"":false,""type"":""Point"",""coordinates"":[-123.274931557845,41.22035085124535]}"
202,12.44874954,1235.050011,536.3067017,0,33,42,0.02350813743,0.01084990958,5.06E+17,111,41.55103277,4,0.6632868726,737,551,7043,,,0.7483652348,1,1,17.97631011,0,"{""geodesic"":false,""type"":""Point"",""coordinates"":[-123.28030124263812,41.220608142473395]}"
203,12.44874954,1235.050011,536.3067017,0,42,42,0.03074141049,0.01627486438,5.06E+17,105,59.41702174,3,0.8608932178,732,551,7043,,,0.5087856795,1,1,19.28909209,0,"{""geodesic"":false,""type"":""Point"",""coordinates"":[-123.27994333920745,41.22060901308986]}"
204,12.44874954,1235.050011,536.3067017,0,42,52,0.0452079566,0.02712477396,5.06E+17,105,75.92460351,3,0.9699765372,723,551,7030,,,0.2431985143,1,1,21.77037323,0,"{""geodesic"":false,""type"":""Point"",""coordinates"":[-123.27958543576116,41.22060988259401]}"
205,12.44874954,1235.050011,580.2166748,0,57,42,0.07233273056,0.07233273056,5.06E+17,123,44.27318432,3,0.6980802491,697,551,7043,,,0.716019529,1,1,18.73282668,0,"{""geodesic"":false,""type"":""Point"",""coordinates"":[-123.27886962882151,41.220611618265295]}"
206,12.44874954,1235.050011,580.2166748,0,57,42,0.09222423146,0.1012658228,5.06E+17,123,2.818949555,3,0.0491801044,694,551,7043,,,0.9987899265,1,0,23.63415467,0,"{""geodesic"":false,""type"":""Point"",""coordinates"":[-123.27851172532822,41.220612484432415]}"
207,12.44874954,1235.050011,580.2166748,1,89,42,0.1157323689,0.1356238698,5.06E+17,128,332.4222766,3,-0.4629514442,700,551,7027,,,0.8863836417,1,0,27.08320326,0,"{""geodesic"":false,""type"":""Point"",""coordinates"":[-123.27815382181934,41.22061334948721]}"
208,12.44874954,1235.050011,580.2166748,1,100,42,0.1428571429,0.1735985533,5.06E+17,128,323.7398948,3,-0.5914518703,707,551,7027,,,0.8063403035,1,0,30.20764708,0,"{""geodesic"":false,""type"":""Point"",""coordinates"":[-123.27779591829486,41.220614213429684]}"
209,12.44874954,1235.050011,580.2166748,1,100,42,0.1699819168,0.2151898734,5.06E+17,131,323.0068279,3,-0.6017198455,716,551,7043,,,0.7987072226,1,0,31.30060317,0,"{""geodesic"":false,""type"":""Point"",""coordinates"":[-123.27743801475482,41.220615076259804]}"
210,12.44874954,1235.050011,580.2166748,1,100,42,0.1971066908,0.2549728752,5.06E+17,131,320.276139,4,-0.6390881809,733,551,7043,,,0.7691334716,1,0,33.96012646,0,"{""geodesic"":false,""type"":""Point"",""coordinates"":[-123.27708011119924,41.22061593797759]}"
211,12.44874954,1235.050011,580.2166748,0,54.00000381,42,0.2224231465,0.2965641953,5.06E+17,156,313.4829461,4,-0.7255792255,744,551,7043,,,0.6881386397,1,0,34.30164755,0,"{""geodesic"":false,""type"":""Point"",""coordinates"":[-123.27672220762814,41.220616798583045]}"
212,12.44874954,1235.050011,580.2166748,0,54.00000381,42,0.2477396022,0.3399638336,5.06E+17,156,310.8599801,4,-0.7563106074,756,551,7043,,,0.6542127064,1,0,29.64461933,0,"{""geodesic"":false,""type"":""Point"",""coordinates"":[-123.27636430404148,41.22061765807616]}"
213,12.44874954,1235.050011,580.2166748,0,69,42,0.2658227848,0.3761301989,5.06E+17,156,308.3710153,3,-0.7840075824,764,551,7027,,,0.6207512471,1,0,27.54448186,0,"{""geodesic"":false,""type"":""Point"",""coordinates"":[-123.27600640043934,41.22061851645694]}"
214,12.44874954,1235.050011,594.5999756,1,98,42,0.2839059675,0.4086799277,5.06E+17,185,303.1874271,4,-0.8368844501,783,551,7028,,,0.5473795915,1,0,30.60279366,0,"{""geodesic"":false,""type"":""Point"",""coordinates"":[-123.27564849682176,41.220619373725384]}"
215,12.44874954,1235.050011,594.5999756,1,98,42,0.3019891501,0.4303797468,5.06E+17,185,292.5382086,4,-0.9236241284,798,551,7043,,,0.3832994513,1,0,34.04780665,0,"{""geodesic"":false,""type"":""Point"",""coordinates"":[-123.2752905931887,41.22062022988149]}"
216,12.44874954,1235.050011,536.3067017,0,33.99999619,42,0.03254972875,0.01627486438,5.06E+17,111,11.38901969,3,0.1974694751,723,551,7043,,,0.9803090362,1,1,28.58713981,0,"{""geodesic"":false,""type"":""Point"",""coordinates"":[-123.28030239644671,41.2208783760182]}"
217,12.44874954,1235.050011,536.3067017,0,56,42,0.04339963834,0.02893309222,5.06E+17,105,15.90161546,3,0.2739863349,721,551,7043,,,0.9617335849,1,1,25.2341382,0,"{""geodesic"":false,""type"":""Point"",""coordinates"":[-123.27994449154289,41.22087924664291]}"
218,12.44874954,1235.050011,536.3067017,0,56,52,0.05786618445,0.04701627486,5.06E+17,105,39.09241981,3,0.6305731316,717,551,7043,,,0.7761298382,1,1,20.57747669,0,"{""geodesic"":false,""type"":""Point"",""coordinates"":[-123.27958658662335,41.22088011615527]}"
219,12.44874954,1235.050011,580.2166748,0,2.999997139,52,0.1103074141,0.1193490054,5.06E+17,123,23.90096122,3,0.4051569246,681,551,7043,,,0.9142471583,1,0,23.02291502,0,"{""geodesic"":false,""type"":""Point"",""coordinates"":[-123.27851287177083,41.220882718018274]}"
220,12.44874954,1235.050011,580.2166748,0,44,42,0.1374321881,0.1518987342,5.06E+17,128,328.4665189,3,-0.522996721,687,551,7027,,,0.8523346936,1,0,26.28011482,0,"{""geodesic"":false,""type"":""Point"",""coordinates"":[-123.27815496678875,41.220883583081246]}"
221,12.44874954,1235.050011,580.2166748,1,83,42,0.1681735986,0.1844484629,5.06E+17,128,326.3864794,4,-0.5535880863,693,551,7043,,,0.8327906284,1,0,26.81146692,0,"{""geodesic"":false,""type"":""Point"",""coordinates"":[-123.27779706179109,41.22088444703187]}"
222,12.44874954,1235.050011,580.2166748,1,83,42,0.198915009,0.2278481013,5.06E+17,131,322.5115742,3,-0.6086011536,700,551,7043,,,0.7934762983,1,0,27.94273065,0,"{""geodesic"":false,""type"":""Point"",""coordinates"":[-123.27743915677785,41.22088530987015]}"
223,12.44874954,1235.050011,580.2166748,1,99,42,0.2296564195,0.2676311031,5.06E+17,131,305.7339614,4,-0.8117374966,718,551,7043,,,0.5840224624,1,0,31.37441376,0,"{""geodesic"":false,""type"":""Point"",""coordinates"":[-123.27708125174905,41.220886171596085]}"
224,12.44874954,1235.050011,580.2166748,0,39,42,0.253164557,0.3110307414,5.06E+17,156,298.2477204,4,-0.8809095695,731,551,7028,,,0.4732846188,1,0,34.37449766,0,"{""geodesic"":false,""type"":""Point"",""coordinates"":[-123.27672334670473,41.220887032209674]}"
225,12.44874954,1235.050011,580.2166748,0,39,42,0.2784810127,0.3526220615,5.06E+17,156,294.8383396,4,-0.9074965979,746,551,7028,,,0.42005943,1,0,31.65755732,0,"{""geodesic"":false,""type"":""Point"",""coordinates"":[-123.2763654416449,41.22088789171091]}"
226,12.44874954,1235.050011,580.2166748,0,39.99999619,42,0.2983725136,0.3887884268,5.06E+17,156,284.6614567,3,-0.9674382386,757,551,7043,,,0.2531071995,1,0,27.09653179,0,"{""geodesic"":false,""type"":""Point"",""coordinates"":[-123.27600753656955,41.2208887500998]}"
227,12.44874954,1235.050011,594.5999756,1,97,42,0.3146473779,0.4195298373,5.06E+17,185,270,4,-1,779,551,7028,,,-1.84E-16,1,0,27.31683013,0,"{""geodesic"":false,""type"":""Point"",""coordinates"":[-123.27564963147876,41.22088960737635]}"
228,12.44874954,1235.050011,594.5999756,1,97,42,0.3254972875,0.4394213382,5.06E+17,185,266.8109659,4,-0.9984514296,793,551,7028,,,-0.05563041159,1,0,30.19836023,0,"{""geodesic"":false,""type"":""Point"",""coordinates"":[-123.27529172637253,41.22089046354054]}"
229,12.44874954,1235.050011,594.5999756,0,27.99999619,42,0.3327305606,0.4538878843,5.06E+17,161,274.6075215,3,-0.9967683417,806,551,7028,,,0.08032977634,1,0,31.15503153,0,"{""geodesic"":false,""type"":""Point"",""coordinates"":[-123.27493382125084,41.22089131859239]}"
230,12.44874954,1235.050011,580.2166748,0,36,42,0.1555153707,0.1790235081,5.06E+17,128,320.9074611,4,-0.6305747449,674,551,7028,,,0.7761285274,1,0,20.57750853,0,"{""geodesic"":false,""type"":""Point"",""coordinates"":[-123.27815611177375,41.221153816662515]}"
231,12.44874954,1235.050011,580.2166748,0,42,42,0.1880650995,0.2097649186,5.06E+17,128,306.9494662,4,-0.7991659894,681,551,7027,,,0.601110407,1,0,23.31007301,0,"{""geodesic"":false,""type"":""Point"",""coordinates"":[-123.27779820530284,41.221154680621304]}"
232,12.44874954,1235.050011,580.2166748,0,42,42,0.2206148282,0.2441229656,5.06E+17,131,303.5714865,4,-0.8331965357,690,551,7043,,,0.5529769733,1,0,23.7066576,0,"{""geodesic"":false,""type"":""Point"",""coordinates"":[-123.27744029881642,41.221155543467745]}"
233,12.44874954,1235.050011,580.2166748,0,5.000000954,42,0.2513562387,0.2839059675,5.06E+17,131,281.4480304,3,-0.9801051361,711,551,7043,,,0.1984790219,1,0,29.72263834,0,"{""geodesic"":false,""type"":""Point"",""coordinates"":[-123.2770823923144,41.22115640520182]}"
234,12.44874954,1235.050011,580.2166748,0,31,42,0.2820976492,0.3236889693,5.06E+17,156,280.2904597,4,-0.9839147965,724,551,7043,,,0.1786383866,1,0,32.38788617,0,"{""geodesic"":false,""type"":""Point"",""coordinates"":[-123.27672448579685,41.22115726582355]}"
235,12.44874954,1235.050011,580.2166748,0,31,42,0.3128390597,0.3688969259,5.06E+17,156,281.9447233,4,-0.9783477305,740,551,7043,,,0.2069679161,1,0,35.14268066,0,"{""geodesic"":false,""type"":""Point"",""coordinates"":[-123.2763665792638,41.22115812533291]}"
236,12.44874954,1235.050011,580.2166748,0,32,42,0.3309222423,0.4050632911,5.06E+17,156,274.4492719,4,-0.9969864085,756,551,7043,,,0.0775764226,1,0,32.04681631,0,"{""geodesic"":false,""type"":""Point"",""coordinates"":[-123.27600867271526,41.22115898372992]}"
237,12.44874954,1235.050011,594.5999756,1,96,42,0.3435804702,0.4267631103,5.06E+17,185,264.4565505,4,-0.9953232288,783,551,7027,,,-0.09660057046,1,0,33.83383239,0,"{""geodesic"":false,""type"":""Point"",""coordinates"":[-123.27565076615123,41.22115984101456]}"
238,12.44874954,1235.050011,594.5999756,1,96,42,0.3471971067,0.4412296564,5.06E+17,185,266.6885927,4,-0.9983303361,800,551,7043,,,-0.05776279104,1,0,29.27025067,0,"{""geodesic"":false,""type"":""Point"",""coordinates"":[-123.27529285957175,41.22116069718685]}"
239,12.44874954,1235.050011,594.5999756,0,7.999998093,21,0.3471971067,0.452079566,5.06E+17,161,275.7270224,3,-0.9950086171,809,551,7043,,,0.09978903718,1,0,17.97512925,0,"{""geodesic"":false,""type"":""Point"",""coordinates"":[-123.27493495297688,41.22116155224679]}"
240,12.44874954,1235.050011,594.5999756,1,100,21,0.3580470163,0.4665461121,5.06E+17,161,322.2052888,3,-0.6128341137,824,551,7043,,,0.790211585,1,0,26.18097836,0,"{""geodesic"":false,""type"":""Point"",""coordinates"":[-123.27457704636659,41.22116240619436]}"
241,12.44874954,1235.050011,594.5999756,1,100,21,0.3670886076,0.486437613,0,130,334.487178,3,-0.4307130724,829,551,7043,,,0.9024889192,0,0,34.97415542,0,"{""geodesic"":false,""type"":""Point"",""coordinates"":[-123.2742191397409,41.221163259029574]}"
242,12.44874954,1235.050011,580.2166748,0,56,42,0.1735985533,0.2025316456,5.06E+17,166,299.4285064,4,-0.8709694634,669,551,7043,,,0.4913371488,1,0,16.51599822,0,"{""geodesic"":false,""type"":""Point"",""coordinates"":[-123.27815725677438,41.22142405023105]}"
243,12.44874954,1235.050011,580.2166748,0,42,42,0.2061482821,0.2368896926,5.06E+17,166,290.6105014,4,-0.9359950332,677,551,7043,,,0.3520132069,1,0,20.19806796,0,"{""geodesic"":false,""type"":""Point"",""coordinates"":[-123.27779934883023,41.22142491419801]}"
244,12.44874954,1235.050011,580.2166748,0,42,42,0.2386980108,0.2676311031,5.06E+17,169,280.1533434,3,-0.9843394837,685,551,7043,,,0.1762832403,1,0,24.66179277,0,"{""geodesic"":false,""type"":""Point"",""coordinates"":[-123.27744144087052,41.2214257770526]}"
245,12.44874954,1235.050011,580.2166748,1,86,42,0.2730560579,0.3037974684,5.06E+17,169,270,4,-1,698,551,7043,,,-1.84E-16,1,0,29.22953665,0,"{""geodesic"":false,""type"":""Point"",""coordinates"":[-123.27708353289526,41.22142663879483]}"
246,12.44874954,1235.050011,580.2166748,1,100,43,0.3056057866,0.3417721519,5.06E+17,164,270,4,-1,724,551,7043,,,-1.84E-16,1,0,29.22953665,0,"{""geodesic"":false,""type"":""Point"",""coordinates"":[-123.27672562490447,41.22142749942468]}"
247,12.44874954,1235.050011,580.2166748,0,25,42,0.3327305606,0.3761301989,5.06E+17,164,274.3015109,4,-0.997183156,737,551,7043,,,0.07500502208,1,0,32.92174372,0,"{""geodesic"":false,""type"":""Point"",""coordinates"":[-123.2763677168982,41.22142835894216]}"
248,12.44874954,1235.050011,580.2166748,0,54.00000381,42,0.3526220615,0.4068716094,5.06E+17,164,276.9171816,4,-0.9927212712,754,551,7043,,,0.120434537,1,0,33.90334388,0,"{""geodesic"":false,""type"":""Point"",""coordinates"":[-123.27600980887641,41.2214292173473]}"
249,12.44874954,1235.050011,594.5999756,1,99,42,0.3616636528,0.424954792,5.06E+17,160,287.037118,4,-0.9561151476,783,551,7043,,,0.2929911679,1,0,31.28915574,0,"{""geodesic"":false,""type"":""Point"",""coordinates"":[-123.27565190083916,41.22143007464005]}"
250,12.44874954,1235.050011,594.5999756,1,99,42,0.3634719711,0.4394213382,5.06E+17,160,301.3371801,4,-0.8541215263,795,551,7028,,,0.5200734739,1,0,27.8851439,0,"{""geodesic"":false,""type"":""Point"",""coordinates"":[-123.27529399278646,41.221430930820446]}"
251,12.44874954,1235.050011,594.5999756,0,77,42,0.3652802893,0.4484629295,5.06E+17,118,312.0694965,3,-0.7423326616,804,551,7043,,,0.6700315063,1,0,23.50301185,0,"{""geodesic"":false,""type"":""Point"",""coordinates"":[-123.27493608471832,41.22143178588844]}"
252,12.44874954,1235.050011,594.5999756,1,100,42,0.3688969259,0.4647377939,5.06E+17,118,0,3,0,811,551,7043,,,1,1,0,19.60238841,0,"{""geodesic"":false,""type"":""Point"",""coordinates"":[-123.27457817663478,41.22143263984408]}"
253,12.44874954,1235.050011,594.5999756,1,100,42,0.3797468354,0.486437613,0,100,338.2555852,3,-0.3704668959,810,551,7043,,,0.9288456702,0,0,27.60214791,0,"{""geodesic"":false,""type"":""Point"",""coordinates"":[-123.27422026853584,41.22143349268736]}"
254,12.44874954,1235.050011,536.3067017,0,36,42,0.06148282098,0.06690777577,5.06E+17,181,119.8161025,4,0.8676257488,703,551,7030,,,-0.4972178196,1,1,27.51533063,0,"{""geodesic"":false,""type"":""Point"",""coordinates"":[-123.28030585796677,41.221689076576105]}"
255,12.44874954,1235.050011,536.3067017,0,8.999997139,42,0.07775768535,0.08860759494,5.06E+17,162,105.9890908,4,0.9613141602,692,551,7030,,,-0.2754543254,1,1,25.18010596,0,"{""geodesic"":false,""type"":""Point"",""coordinates"":[-123.27994794864321,41.22168994722551]}"
256,12.44874954,1235.050011,536.3067017,0,8.999997139,42,0.09584086799,0.1066907776,5.06E+17,162,104.0751669,4,0.9699775118,682,551,7030,,,-0.2431946269,1,1,21.77068869,0,"{""geodesic"":false,""type"":""Point"",""coordinates"":[-123.27959003930397,41.221690816762525]}"
257,12.44874954,1235.050011,580.2166748,0,60.00000381,42,0.1898734177,0.2278481013,5.06E+17,166,302.8104227,3,-0.8404680469,665,551,7043,,,0.5418611096,1,0,19.72238571,0,"{""geodesic"":false,""type"":""Point"",""coordinates"":[-123.27815840179053,41.22169428378682]}"
258,12.44874954,1235.050011,580.2166748,0,76,42,0.2206148282,0.2658227848,5.06E+17,166,290.6104212,4,-0.9359955258,673,551,7043,,,0.3520118971,1,0,24.696013,0,"{""geodesic"":false,""type"":""Point"",""coordinates"":[-123.27780049237312,41.22169514776194]}"
259,12.44874954,1235.050011,580.2166748,0,76,42,0.2567811935,0.2965641953,5.06E+17,169,273.4435218,4,-0.9981944909,685,551,7043,,,0.06006461812,1,0,28.32519383,0,"{""geodesic"":false,""type"":""Point"",""coordinates"":[-123.27744258294018,41.22169601062469]}"
260,12.44874954,1235.050011,580.2166748,1,100,42,0.2911392405,0.3254972875,5.06E+17,169,266.9246764,3,-0.9985598686,698,551,7043,,,-0.05364875365,1,0,31.10982143,0,"{""geodesic"":false,""type"":""Point"",""coordinates"":[-123.27708467349167,41.22169687237508]}"
261,12.44874954,1235.050011,580.2166748,1,100,42,0.3200723327,0.3508137432,5.06E+17,164,273.5866348,3,-0.9980413482,724,551,7043,,,0.06255771148,1,0,27.36295591,0,"{""geodesic"":false,""type"":""Point"",""coordinates"":[-123.27672676402763,41.221697733013066]}"
262,12.44874954,1235.050011,580.2166748,1,100,42,0.3417721519,0.3815551537,5.06E+17,164,279.4891503,3,-0.9863168379,737,551,7043,,,0.1648608361,1,0,30.50417195,0,"{""geodesic"":false,""type"":""Point"",""coordinates"":[-123.27636885454807,41.22169859253867]}"
263,12.44874954,1235.050011,580.2166748,1,100,42,0.3616636528,0.4050632911,5.06E+17,164,283.0308623,4,-0.9742487537,751,551,7043,,,0.2254758654,1,0,29.87092492,0,"{""geodesic"":false,""type"":""Point"",""coordinates"":[-123.27601094505305,41.22169945095191]}"
264,12.44874954,1235.050011,594.5999756,0,77,42,0.3707052441,0.4213381555,5.06E+17,160,305.547987,3,-0.8136288759,772,551,7028,,,0.5813845993,1,0,27.88000994,0,"{""geodesic"":false,""type"":""Point"",""coordinates"":[-123.27565303554252,41.221700308252764]}"
265,12.44874954,1235.050011,594.5999756,0,77,42,0.3725135624,0.4376130199,5.06E+17,160,309.7381403,3,-0.7689741736,783,551,7043,,,0.6392798451,1,0,28.00224009,0,"{""geodesic"":false,""type"":""Point"",""coordinates"":[-123.27529512601654,41.22170116444124]}"
266,12.44874954,1235.050011,594.5999756,0,39,42,0.3761301989,0.4466546112,5.06E+17,118,315.9639682,3,-0.6951106071,791,551,7043,,,0.7189028056,1,0,26.35295137,0,"{""geodesic"":false,""type"":""Point"",""coordinates"":[-123.27493721647514,41.221702019517345]}"
267,12.44874954,1235.050011,594.5999756,0,43,42,0.3851717902,0.4629294756,5.06E+17,118,0,3,0,802,551,7043,,,1,1,0,21.23147174,0,"{""geodesic"":false,""type"":""Point"",""coordinates"":[-123.27457930691837,41.221702873481064]}"
268,12.44874954,1235.050011,536.3067017,0,49,42,0.08860759494,0.1066907776,5.06E+17,162,119.4282981,4,0.8709712496,700,551,7030,,,-0.4913339826,1,1,30.66956453,0,"{""geodesic"":false,""type"":""Point"",""coordinates"":[-123.27994910104138,41.221960180727535]}"
269,12.44874954,1235.050011,536.3067017,0,49,42,0.1066907776,0.130198915,5.06E+17,162,120.4831506,4,0.8617783786,689,551,7030,,,-0.5072849556,1,1,29.87266834,0,"{""geodesic"":false,""type"":""Point"",""coordinates"":[-123.27959119022886,41.22196105027279]}"
270,12.44874954,1235.050011,536.3067017,0,33,42,0.1283905967,0.157323689,5.06E+17,162,99.28645823,4,0.9868938837,667,551,7030,,,-0.1613705747,1,1,26.63703023,0,"{""geodesic"":false,""type"":""Point"",""coordinates"":[-123.27923327940067,41.221961918705624]}"
271,12.44874954,1235.050011,580.2166748,0,30.00000191,52,0.2043399638,0.253164557,5.06E+17,166,303.76625,3,-0.8313120107,657,551,7043,,,0.5558060281,1,1,24.98541088,0,"{""geodesic"":false,""type"":""Point"",""coordinates"":[-123.2781595468223,41.221964517329845]}"
272,12.44874954,1235.050011,580.2166748,1,100,42,0.2368896926,0.2839059675,5.06E+17,166,293.457948,4,-0.9173524875,667,551,7043,,,0.3980758893,1,0,31.38217011,0,"{""geodesic"":false,""type"":""Point"",""coordinates"":[-123.27780163593164,41.22196538131315]}"
273,12.44874954,1235.050011,580.2166748,1,100,42,0.2694394213,0.3164556962,5.06E+17,169,285.2970479,4,-0.9645710131,683,551,7043,,,0.2638233512,1,0,36.36423205,0,"{""geodesic"":false,""type"":""Point"",""coordinates"":[-123.2774437250254,41.22196624418406]}"
274,12.44874954,1235.050011,580.2166748,1,100,42,0.2983725136,0.3399638336,5.06E+17,169,285.5667061,3,-0.9633186703,700,551,7043,,,0.2683600928,1,0,31.09883359,0,"{""geodesic"":false,""type"":""Point"",""coordinates"":[-123.2770858141036,41.22196710594257]}"
275,12.44874954,1235.050011,580.2166748,1,100,42,0.3254972875,0.3652802893,5.06E+17,164,299.8159975,4,-0.8676266598,722,551,7043,,,0.4972162298,1,0,27.51540569,0,"{""geodesic"":false,""type"":""Point"",""coordinates"":[-123.27672790316629,41.22196796658869]}"
276,12.44874954,1235.050011,580.2166748,1,100,42,0.3471971067,0.390596745,5.06E+17,164,293.6900163,3,-0.915732618,731,551,7043,,,0.4017882183,1,0,29.42518732,0,"{""geodesic"":false,""type"":""Point"",""coordinates"":[-123.27636999221346,41.22196882612242]}"
277,12.44874954,1235.050011,580.2166748,1,100,42,0.3688969259,0.4104882459,5.06E+17,164,295.1782927,3,-0.9049882996,746,551,7043,,,0.4254364554,1,0,29.71543198,0,"{""geodesic"":false,""type"":""Point"",""coordinates"":[-123.27601208124513,41.22196968454379]}"
278,12.44874954,1235.050011,594.5999756,0,38,42,0.3779385172,0.4213381555,5.06E+17,160,298.9963184,3,-0.8746508576,764,551,7027,,,0.4847534191,1,0,25.05672569,0,"{""geodesic"":false,""type"":""Point"",""coordinates"":[-123.27565417026133,41.22197054185275]}"
279,12.44874954,1235.050011,594.5999756,0,38,42,0.3815551537,0.4321880651,5.06E+17,160,300.3282887,3,-0.8631463442,774,551,7027,,,0.5049538479,1,0,24.17106265,0,"{""geodesic"":false,""type"":""Point"",""coordinates"":[-123.27529625926209,41.221971398049305]}"
280,12.44874954,1235.050011,594.5999756,0,33.99999619,42,0.3851717902,0.4466546112,5.06E+17,118,312.7916211,3,-0.7338292173,782,551,7028,,,0.6793339973,1,0,20.86995487,0,"{""geodesic"":false,""type"":""Point"",""coordinates"":[-123.2749383482474,41.221972253133494]}"
281,12.44874954,1235.050011,536.3067017,0,31,42,0.09764918626,0.1265822785,5.06E+17,114,118.679762,4,0.8773157336,710,551,7030,,,-0.4799136417,1,1,28.35526852,0,"{""geodesic"":false,""type"":""Point"",""coordinates"":[-123.27995025345521,41.22223041421682]}"
282,12.44874954,1235.050011,536.3067017,0,31,42,0.1175406872,0.1518987342,5.06E+17,114,108.3119682,4,0.9493598689,700,551,7030,,,-0.3141907689,1,1,29.54210073,0,"{""geodesic"":false,""type"":""Point"",""coordinates"":[-123.2795923411694,41.22223128377028]}"
283,12.44874954,1235.050011,580.2166748,0,4.000001907,52,0.2151898734,0.2730560579,5.06E+17,131,309.174502,3,-0.7752256799,649,551,7043,,,0.6316843715,1,1,18.42511652,0,"{""geodesic"":false,""type"":""Point"",""coordinates"":[-123.27816069186966,41.22223475086011]}"
284,12.44874954,1235.050011,580.2166748,1,100,42,0.2459312839,0.3056057866,5.06E+17,131,299.428194,3,-0.8709721426,658,551,7043,,,0.4913323994,1,0,30.66964553,0,"{""geodesic"":false,""type"":""Point"",""coordinates"":[-123.2778027795057,41.222235614851584]}"
285,12.44874954,1235.050011,580.2166748,1,100,42,0.2748643761,0.3309222423,5.06E+17,125,303.0991823,4,-0.8377265105,673,551,7043,,,0.546090005,1,0,37.62213044,0,"{""geodesic"":false,""type"":""Point"",""coordinates"":[-123.27744486712615,41.22223647773065]}"
286,12.44874954,1235.050011,580.2166748,1,100,42,0.3019891501,0.3544303797,5.06E+17,125,310.9539353,3,-0.7552367952,688,551,7043,,,0.6554520449,1,0,36.53523786,0,"{""geodesic"":false,""type"":""Point"",""coordinates"":[-123.27708695473106,41.222237339497305]}"
287,12.44874954,1235.050011,580.2166748,1,100,42,0.3254972875,0.3707052441,5.06E+17,136,310.2372082,3,-0.7633767033,708,551,7043,,,0.6459535655,1,0,34.0833543,0,"{""geodesic"":false,""type"":""Point"",""coordinates"":[-123.27672904232044,41.222238200151565]}"
288,12.44874954,1235.050011,580.2166748,1,100,42,0.3707052441,0.4086799277,5.06E+17,136,305.8320338,3,-0.8107366455,736,551,7043,,,0.585411045,1,0,33.57013591,0,"{""geodesic"":false,""type"":""Point"",""coordinates"":[-123.2760132174527,41.222239918122895]}"
289,12.44874954,1235.050011,594.5999756,0,64,42,0.3815551537,0.4231464738,5.06E+17,141,296.6309989,3,-0.8939118533,758,551,7028,,,0.4482427896,1,0,26.82087938,0,"{""geodesic"":false,""type"":""Point"",""coordinates"":[-123.27565530499561,41.22224077543997]}"
290,12.44874954,1235.050011,536.3067017,0,41.00000381,42,0.1066907776,0.1446654611,5.06E+17,114,96.35827017,4,0.993848841,716,551,7030,,,-0.1107451188,1,1,30.31421391,0,"{""geodesic"":false,""type"":""Point"",""coordinates"":[-123.27995140588479,41.222500647693344]}"
291,12.44874954,1235.050011,580.2166748,1,100,42,0.2495479204,0.3182640145,5.06E+17,131,317.7082914,3,-0.6729054729,649,551,7043,,,0.7397284803,1,0,22.57678444,0,"{""geodesic"":false,""type"":""Point"",""coordinates"":[-123.27780392309533,41.22250584837726]}"
292,12.44874954,1235.050011,580.2166748,1,100,42,0.2730560579,0.3417721519,5.06E+17,125,315.0822419,4,-0.7060910778,657,551,7043,,,0.7081210277,1,0,32.62269393,0,"{""geodesic"":false,""type"":""Point"",""coordinates"":[-123.27744600924248,41.22250671126449]}"
293,12.44874954,1235.050011,580.2166748,1,100,42,0.2965641953,0.3652802893,5.06E+17,125,314.5259765,3,-0.7129326014,670,551,7043,,,0.7012325619,1,0,38.12769929,0,"{""geodesic"":false,""type"":""Point"",""coordinates"":[-123.27708809537408,41.2225075730393]}"
294,12.44874954,1235.050011,580.2166748,1,100,42,0.3200723327,0.383363472,5.06E+17,136,311.4434078,3,-0.7496098382,695,551,7043,,,0.6618799669,1,0,33.43861924,0,"{""geodesic"":false,""type"":""Point"",""coordinates"":[-123.27673018149012,41.2225084337017]}"
295,12.44874954,1235.050011,580.2166748,1,100,42,0.3435804702,0.3960216998,5.06E+17,136,305.9157596,3,-0.8098803238,706,551,7043,,,0.5865951424,1,0,35.65944105,0,"{""geodesic"":false,""type"":""Point"",""coordinates"":[-123.27637226759067,41.22250929325169]}"
296,12.44874954,1235.050011,538.9967041,0,35.00000381,42,0.08860759494,0.1356238698,5.06E+17,136,75.92506277,4,0.9699784865,728,551,7043,,,0.2431907394,1,1,24.98310149,0,"{""geodesic"":false,""type"":""Point"",""coordinates"":[-123.28031047354678,41.22277001047482]}"
297,12.44874954,1235.050011,538.7800293,1,100,42,0.2459312839,0.321880651,5.06E+17,131,323.8244513,4,-0.5902612392,639,551,7043,,,0.8072122828,1,0,21.85465513,0,"{""geodesic"":false,""type"":""Point"",""coordinates"":[-123.27780506670055,41.2227760818902]}"
298,12.44874954,1235.050011,538.7800293,1,100,42,0.2676311031,0.3453887884,5.06E+17,125,317.8080485,4,-0.67161652,645,551,7043,,,0.7408989473,1,0,25.67238949,0,"{""geodesic"":false,""type"":""Point"",""coordinates"":[-123.27744715137435,41.222776944785586]}"
299,12.44874954,1235.050011,538.7800293,1,100,42,0.2911392405,0.3688969259,5.06E+17,125,314.0404435,3,-0.7188492807,654,551,7043,,,0.6951659597,1,0,32.15869568,0,"{""geodesic"":false,""type"":""Point"",""coordinates"":[-123.27708923603261,41.222777806568544]}"
300,12.44874954,1235.050011,580.2166748,1,100,42,0.3128390597,0.3887884268,5.06E+17,136,304.1907764,3,-0.8271710494,681,551,7043,,,0.5619502248,1,0,38.88893893,0,"{""geodesic"":false,""type"":""Point"",""coordinates"":[-123.27673132067532,41.222778667239076]}"
301,12.44874954,1235.050011,538.9967041,0,2.999997139,42,0.08860759494,0.1500904159,5.06E+17,115,62.37987745,4,0.8860408128,720,551,7043,,,0.4636072454,1,1,29.19086436,0,"{""geodesic"":false,""type"":""Point"",""coordinates"":[-123.28031162748108,41.2230402439176]}"
302,12.44874954,1235.050011,538.7800293,1,99,42,0.2423146474,0.321880651,0,163,331.9955545,4,-0.4695400682,629,551,7027,,,0.8829111645,0,0,20.13752297,0,"{""geodesic"":false,""type"":""Point"",""coordinates"":[-123.27780621032133,41.223046315390405]}"
303,12.44874954,1235.050011,538.7800293,1,99,42,0.2622061483,0.3471971067,0,149,317.0567297,4,-0.681273898,635,551,7043,,,0.7320286032,0,0,23.85844243,0,"{""geodesic"":false,""type"":""Point"",""coordinates"":[-123.27744829352176,41.22304717829394]}"
304,12.44874954,1235.050011,538.7800293,1,100,42,0.2820976492,0.3688969259,5.06E+17,149,309.8862462,3,-0.7673191091,643,551,7043,,,0.6412654558,1,0,26.78782066,0,"{""geodesic"":false,""type"":""Point"",""coordinates"":[-123.27709037670665,41.22304804008504]}"
305,12.44874954,1235.050011,538.7800293,1,100,42,0.3056057866,0.3924050633,5.06E+17,162,293.4153107,3,-0.9176484661,667,551,7043,,,0.3973931211,1,0,37.73855168,0,"{""geodesic"":false,""type"":""Point"",""coordinates"":[-123.276732459876,41.223048900763715]}"
306,12.44874954,1235.050011,538.7800293,0,33,42,0.2640144665,0.3508137432,0,149,313.6129745,3,-0.7240156799,625,552,7043,,,0.6897835134,0,0,24.03161933,0,"{""geodesic"":false,""type"":""Point"",""coordinates"":[-123.27744943568477,41.22331741178953]}"